ngram,rank_books,share_books,rank_web,share_web,rank_subtlex,share_subtlex,rank_spread,stability_class,missing_from,movement_class
th,1,0.03556203,2,0.01996908,1,0.03541881,1,universal,,alternate_hands
in,3,0.02432745,1,0.02020929,4,0.02249298,3,universal,,same_hand_different_fingers
he,2,0.03074741,5,0.01596482,2,0.03036892,3,universal,,alternate_hands
er,4,0.02048265,3,0.01787107,6,0.01910201,3,universal,,same_hand_different_fingers
ou,28,0.00870002,26,0.00793212,3,0.02863990,25,universal,,same_hand_different_fingers
re,6,0.01854323,4,0.01629022,5,0.01920925,2,universal,,same_hand_different_fingers
an,5,0.01985151,6,0.01580351,8,0.01845221,3,universal,,alternate_hands
on,7,0.01758046,7,0.01505987,11,0.01526271,4,universal,,same_hand_different_fingers
yo,157,0.00149902,96,0.00303777,7,0.01901498,150,universal,,same_hand_different_fingers
at,8,0.01486732,11,0.01208394,10,0.01551862,3,universal,,same_hand_different_fingers
es,12,0.01339394,8,0.01458985,28,0.00821507,20,universal,,same_hand_different_fingers
en,9,0.01454248,14,0.01159000,23,0.00959157,14,universal,,alternate_hands
or,13,0.01276539,9,0.01289172,20,0.00990803,11,universal,,alternate_hands
ha,26,0.00925764,44,0.00617709,9,0.01685205,35,universal,,alternate_hands
nd,10,0.01352281,18,0.01019647,19,0.00997636,9,universal,,alternate_hands
te,14,0.01204870,10,0.01213473,31,0.00789843,21,universal,,same_hand_different_fingers
ti,11,0.01342579,12,0.01196772,54,0.00576089,43,universal,,alternate_hands
it,18,0.01123274,20,0.00911229,12,0.01335680,8,universal,,alternate_hands
st,21,0.01053476,13,0.01180188,21,0.00979052,8,universal,,same_hand_different_fingers
to,22,0.01041267,17,0.01027590,13,0.01253366,9,universal,,alternate_hands
ng,24,0.00953015,25,0.00819567,14,0.01252273,11,universal,,alternate_hands
of,15,0.01174975,38,0.00673806,58,0.00528061,43,universal,,alternate_hands
nt,23,0.01041251,15,0.01075132,50,0.00592689,35,universal,,alternate_hands
me,33,0.00793006,29,0.00763902,15,0.01188370,18,universal,,alternate_hands
ed,16,0.01168123,22,0.00862179,37,0.00703081,21,universal,,same_finger_different_key
ar,20,0.01074898,16,0.01030698,26,0.00924127,10,universal,,same_hand_different_fingers
ll,45,0.00576571,50,0.00548811,16,0.01124572,34,universal,,same_key
is,17,0.01128430,23,0.00847442,18,0.01054888,6,universal,,alternate_hands
hi,35,0.00763242,55,0.00510310,17,0.01098339,38,universal,,same_hand_different_fingers
al,19,0.01087450,19,0.00959893,27,0.00826390,8,universal,,alternate_hands
se,25,0.00932115,21,0.00871946,29,0.00812271,8,universal,,same_hand_different_fingers
ve,31,0.00825281,41,0.00635403,22,0.00978829,19,universal,,same_hand_different_fingers
ea,40,0.00688165,24,0.00838563,25,0.00948388,16,universal,,same_hand_different_fingers
no,62,0.00464575,70,0.00458986,24,0.00954783,46,universal,,same_hand_different_fingers
as,27,0.00871095,39,0.00652857,36,0.00709232,12,universal,,same_hand_different_fingers
le,30,0.00829254,27,0.00787513,32,0.00789660,5,universal,,alternate_hands
co,32,0.00793860,28,0.00786865,51,0.00582489,23,universal,,alternate_hands
io,29,0.00834932,35,0.00687573,129,0.00232189,100,universal,,same_hand_different_fingers
ne,39,0.00691722,30,0.00725941,33,0.00753374,9,universal,,alternate_hands
wh,81,0.00378793,155,0.00180520,30,0.00796476,125,universal,,alternate_hands
ri,36,0.00727619,31,0.00721868,53,0.00576718,22,universal,,alternate_hands
ro,37,0.00726724,32,0.00698694,61,0.00507416,29,universal,,alternate_hands
de,34,0.00764818,33,0.00694731,67,0.00438838,34,universal,,same_finger_different_key
ra,41,0.00685633,34,0.00691600,81,0.00344701,47,universal,,same_hand_different_fingers
do,140,0.00188235,111,0.00265434,34,0.00732440,106,universal,,alternate_hands
ow,95,0.00330478,99,0.00299403,35,0.00720849,64,universal,,alternate_hands
ic,38,0.00698707,36,0.00684520,87,0.00338571,51,universal,,alternate_hands
li,43,0.00624352,37,0.00678164,49,0.00608653,12,universal,,same_hand_different_fingers
ho,58,0.00484902,57,0.00495250,38,0.00695052,20,universal,,same_hand_different_fingers
we,89,0.00360899,107,0.00280735,39,0.00676785,68,universal,,same_hand_different_fingers
be,46,0.00576284,78,0.00407936,40,0.00668711,38,universal,,same_hand_different_fingers
et,71,0.00412608,40,0.00641790,42,0.00662956,31,universal,,same_hand_different_fingers
wa,78,0.00385337,118,0.00249094,41,0.00665154,77,universal,,same_hand_different_fingers
ce,42,0.00651417,48,0.00569319,78,0.00353767,36,universal,,same_finger_different_key
ta,53,0.00529886,42,0.00634772,65,0.00457787,23,universal,,same_hand_different_fingers
si,48,0.00550057,43,0.00621858,90,0.00328897,47,universal,,alternate_hands
ut,72,0.00405151,92,0.00337278,43,0.00660127,49,universal,,alternate_hands
ch,44,0.00597766,54,0.00512237,71,0.00410485,27,universal,,alternate_hands
go,174,0.00132128,166,0.00165221,44,0.00659751,130,universal,,alternate_hands
ma,47,0.00565269,45,0.00603540,62,0.00502301,17,universal,,alternate_hands
ot,66,0.00442103,60,0.00485988,45,0.00647953,21,universal,,alternate_hands
om,49,0.00546257,47,0.00573704,46,0.00645578,3,universal,,same_hand_different_fingers
ec,60,0.00477283,46,0.00597181,121,0.00243259,75,universal,,same_finger_different_key
ur,50,0.00542748,52,0.00539029,47,0.00631731,5,universal,,alternate_hands
el,52,0.00530302,49,0.00568618,48,0.00631574,4,universal,,alternate_hands
ca,51,0.00538164,51,0.00539137,55,0.00567965,4,universal,,same_hand_different_fingers
us,64,0.00454257,69,0.00459870,52,0.00577714,17,universal,,alternate_hands
la,54,0.00527529,53,0.00528865,84,0.00342189,31,universal,,alternate_hands
ns,55,0.00508937,59,0.00486579,135,0.00200536,80,universal,,alternate_hands
di,56,0.00492966,56,0.00499225,76,0.00368913,20,universal,,alternate_hands
so,74,0.00397732,64,0.00471711,56,0.00536903,18,universal,,alternate_hands
fo,57,0.00487754,58,0.00490925,70,0.00423665,13,universal,,alternate_hands
ee,82,0.00377605,77,0.00411522,57,0.00536490,25,universal,,same_key
pe,59,0.00477989,81,0.00376662,83,0.00343877,24,universal,,alternate_hands
ay,126,0.00217361,117,0.00251079,59,0.00511761,67,universal,,alternate_hands
ke,128,0.00213768,142,0.00211656,60,0.00508997,82,universal,,alternate_hands
pr,61,0.00474471,65,0.00468742,132,0.00206583,71,universal,,alternate_hands
ac,65,0.00447772,61,0.00479606,85,0.00340899,24,universal,,same_hand_different_fingers
na,90,0.00347235,62,0.00477230,116,0.00247518,54,universal,,alternate_hands
ct,63,0.00460972,74,0.00433211,141,0.00180445,78,universal,,same_hand_different_fingers
rs,75,0.00396527,63,0.00472179,98,0.00310797,35,universal,,same_hand_different_fingers
oo,130,0.00210259,112,0.00262957,63,0.00484759,67,universal,,same_key
lo,77,0.00386884,76,0.00425105,64,0.00465725,13,universal,,same_finger_different_key
ge,79,0.00385190,75,0.00427267,66,0.00439922,13,universal,,same_hand_different_fingers
rt,87,0.00361676,66,0.00467333,127,0.00234298,61,universal,,same_finger_different_key
il,67,0.00431535,71,0.00458762,75,0.00375730,8,universal,,same_hand_different_fingers
sa,125,0.00218017,67,0.00466781,110,0.00265869,58,universal,,same_hand_different_fingers
tr,68,0.00425820,79,0.00404695,115,0.00253160,47,universal,,same_finger_different_key
ss,73,0.00405075,68,0.00465928,108,0.00268714,40,universal,,same_key
sh,100,0.00315240,95,0.00319643,68,0.00435997,32,universal,,alternate_hands
ly,69,0.00425014,122,0.00240637,94,0.00319505,53,universal,,same_hand_different_fingers
gh,121,0.00227503,156,0.00180467,69,0.00429286,87,universal,,alternate_hands
nc,70,0.00415746,84,0.00370836,146,0.00176799,76,universal,,alternate_hands
ts,93,0.00337488,72,0.00449306,154,0.00154536,82,universal,,same_hand_different_fingers
id,103,0.00295504,110,0.00268416,72,0.00393243,38,universal,,alternate_hands
em,84,0.00373664,73,0.00446371,120,0.00244946,47,universal,,alternate_hands
ig,112,0.00254961,119,0.00243672,73,0.00389564,46,universal,,alternate_hands
wi,83,0.00374421,93,0.00322092,74,0.00388754,19,universal,,alternate_hands
un,76,0.00394413,90,0.00344597,89,0.00330205,14,universal,,same_finger_different_key
av,131,0.00204933,152,0.00190420,77,0.00353998,75,universal,,same_hand_different_fingers
ld,115,0.00252606,154,0.00189359,79,0.00351797,75,universal,,alternate_hands
ie,80,0.00384646,82,0.00373772,107,0.00270969,27,universal,,alternate_hands
ni,92,0.00339212,80,0.00380152,118,0.00246692,38,universal,,same_hand_different_fingers
ht,175,0.00130186,172,0.00157844,80,0.00346386,95,universal,,alternate_hands
ad,85,0.00367956,88,0.00347818,82,0.00343906,6,universal,,same_hand_different_fingers
pa,96,0.00323572,83,0.00373246,137,0.00196548,54,universal,,alternate_hands
po,88,0.00361373,85,0.00355327,144,0.00177787,59,universal,,same_hand_different_fingers
ol,86,0.00365493,86,0.00353075,104,0.00273628,18,universal,,same_finger_different_key
bo,137,0.00195411,137,0.00214072,86,0.00340638,51,universal,,alternate_hands
da,156,0.00151067,87,0.00348979,130,0.00216933,69,universal,,same_hand_different_fingers
ul,91,0.00345829,124,0.00236134,88,0.00335375,36,universal,,same_hand_different_fingers
vi,110,0.00269544,89,0.00346889,163,0.00138393,74,universal,,alternate_hands
am,107,0.00284866,91,0.00343322,103,0.00280600,16,universal,,alternate_hands
wo,124,0.00221754,159,0.00176453,91,0.00326099,68,universal,,alternate_hands
ry,116,0.00247740,121,0.00240920,92,0.00325070,29,universal,,alternate_hands
im,97,0.00317760,126,0.00231937,93,0.00321557,33,universal,,same_hand_different_fingers
mo,94,0.00336878,94,0.00319955,96,0.00315584,2,universal,,same_hand_different_fingers
ck,185,0.00117626,144,0.00206581,95,0.00319172,90,universal,,alternate_hands
ai,99,0.00316448,97,0.00301176,97,0.00310849,2,universal,,alternate_hands
mi,98,0.00317691,104,0.00286185,105,0.00273333,7,universal,,same_hand_different_fingers
ew,186,0.00116806,98,0.00299858,191,0.00098801,93,universal,,same_hand_different_fingers
ey,166,0.00143746,193,0.00126205,99,0.00306776,94,universal,,alternate_hands
os,104,0.00289967,100,0.00297135,134,0.00200804,34,universal,,alternate_hands
my,236,0.00062186,268,0.00061789,100,0.00291416,168,conversational-leaning,"books,web",same_finger_different_key
ir,101,0.00315172,113,0.00255462,113,0.00259920,12,universal,,alternate_hands
fi,108,0.00284586,101,0.00296120,123,0.00239589,22,universal,,alternate_hands
ye,207,0.00092669,214,0.00104945,101,0.00289989,113,conversational-leaning,"books,web",alternate_hands
su,102,0.00311177,109,0.00274600,139,0.00186245,37,universal,,alternate_hands
ev,114,0.00254784,131,0.00224529,102,0.00285213,29,universal,,same_hand_different_fingers
ep,147,0.00171574,102,0.00291367,169,0.00121360,67,universal,,alternate_hands
tt,148,0.00170683,103,0.00288165,117,0.00246763,45,universal,,same_key
iv,105,0.00287848,125,0.00232894,143,0.00179698,38,universal,,alternate_hands
op,123,0.00223911,105,0.00285987,138,0.00188519,33,universal,,same_hand_different_fingers
ia,106,0.00286282,106,0.00285464,197,0.00090482,91,universal,,alternate_hands
od,136,0.00195449,134,0.00218246,106,0.00273138,30,universal,,alternate_hands
ag,132,0.00204725,108,0.00276108,157,0.00147865,49,universal,,same_hand_different_fingers
ci,109,0.00281485,129,0.00226573,186,0.00102495,77,universal,,alternate_hands
bu,142,0.00184944,163,0.00173153,109,0.00267722,54,universal,,alternate_hands
pl,111,0.00262987,115,0.00254865,126,0.00236051,15,universal,,same_hand_different_fingers
ok,234,0.00064312,228,0.00095005,111,0.00263444,123,conversational-leaning,"books,web",same_hand_different_fingers
kn,250,0.00051439,328,0.00036404,112,0.00261739,216,conversational-leaning,"books,web",same_hand_different_fingers
tu,113,0.00254907,123,0.00237110,161,0.00141302,48,universal,,alternate_hands
sp,138,0.00191254,114,0.00255004,177,0.00112545,63,universal,,alternate_hands
ki,198,0.00097878,186,0.00129153,114,0.00255018,84,universal,,same_finger_different_key
sc,154,0.00154749,116,0.00253140,204,0.00086831,88,unstable,subtlex,same_hand_different_fingers
mp,117,0.00239175,139,0.00213726,192,0.00097166,75,universal,,same_hand_different_fingers
fe,118,0.00236573,149,0.00201475,136,0.00199269,31,universal,,same_hand_different_fingers
bl,119,0.00233400,141,0.00212202,152,0.00161421,33,universal,,alternate_hands
ab,120,0.00229786,127,0.00230646,119,0.00245277,8,universal,,same_hand_different_fingers
ei,143,0.00183352,120,0.00241883,202,0.00087494,82,unstable,subtlex,alternate_hands
ty,122,0.00227277,128,0.00228070,182,0.00107455,60,universal,,alternate_hands
if,133,0.00203257,170,0.00159714,122,0.00242279,48,universal,,alternate_hands
nk,249,0.00051605,247,0.00082887,124,0.00238837,125,conversational-leaning,"books,web",same_hand_different_fingers
ba,165,0.00146204,146,0.00204213,125,0.00236757,40,universal,,same_hand_different_fingers
ex,127,0.00214045,150,0.00200226,173,0.00118366,46,universal,,same_hand_different_fingers
ak,191,0.00104699,226,0.00096518,128,0.00233590,98,unstable,web,alternate_hands
fr,129,0.00213189,135,0.00216462,140,0.00181252,11,universal,,same_finger_different_key
ap,134,0.00202846,130,0.00225608,151,0.00165563,21,universal,,alternate_hands
up,172,0.00136012,182,0.00140741,131,0.00209329,51,universal,,same_hand_different_fingers
eo,225,0.00072500,132,0.00221425,211,0.00081061,93,web-leaning,"books,subtlex",alternate_hands
ef,151,0.00162732,133,0.00221018,195,0.00092824,62,universal,,same_hand_different_fingers
ju,239,0.00058702,273,0.00060782,133,0.00206043,140,conversational-leaning,"books,web",same_finger_different_key
gr,135,0.00196778,157,0.00180311,168,0.00121797,33,universal,,same_finger_different_key
rd,139,0.00189316,136,0.00215571,153,0.00157257,17,universal,,same_hand_different_fingers
rc,181,0.00121387,138,0.00214048,257,0.00041204,119,unstable,subtlex,same_hand_different_fingers
ga,161,0.00148077,140,0.00212740,171,0.00119058,31,universal,,same_hand_different_fingers
uc,141,0.00187652,169,0.00160439,158,0.00147789,28,universal,,alternate_hands
ov,144,0.00178087,160,0.00176340,142,0.00179969,18,universal,,alternate_hands
ds,178,0.00126261,143,0.00211564,187,0.00102447,44,universal,,same_hand_different_fingers
by,145,0.00176468,178,0.00147795,198,0.00089932,53,universal,,alternate_hands
oc,149,0.00166405,145,0.00204950,209,0.00081505,64,unstable,subtlex,alternate_hands
nn,224,0.00072765,204,0.00114282,145,0.00176980,79,conversational-leaning,"books,web",same_key
rm,146,0.00175133,148,0.00202919,224,0.00063260,78,unstable,subtlex,alternate_hands
ls,167,0.00141513,147,0.00203223,199,0.00089860,52,universal,,alternate_hands
ny,197,0.00097917,211,0.00107174,147,0.00171441,64,unstable,web,same_finger_different_key
ik,258,0.00042913,308,0.00045040,148,0.00171321,160,conversational-leaning,"books,web",same_finger_different_key
rr,182,0.00120743,192,0.00126784,149,0.00170864,43,universal,,same_key
fa,150,0.00164000,165,0.00171323,160,0.00142798,15,universal,,same_hand_different_fingers
oi,212,0.00087751,231,0.00092901,150,0.00166362,81,conversational-leaning,"books,web",same_hand_different_fingers
ft,219,0.00081664,151,0.00197447,220,0.00066586,69,web-leaning,"books,subtlex",same_finger_different_key
cu,152,0.00162614,180,0.00143391,207,0.00084135,55,unstable,subtlex,alternate_hands
rn,153,0.00160361,162,0.00173255,184,0.00105548,31,universal,,alternate_hands
eb,276,0.00027074,153,0.00189872,273,0.00028282,123,web-leaning,"books,subtlex",same_hand_different_fingers
gi,155,0.00151637,158,0.00179978,155,0.00150664,3,universal,,alternate_hands
ug,177,0.00127908,243,0.00085998,156,0.00148052,87,unstable,web,alternate_hands
cr,158,0.00149456,176,0.00148824,185,0.00102876,27,universal,,same_hand_different_fingers
cl,159,0.00149011,161,0.00174384,194,0.00093304,35,universal,,alternate_hands
oh,296,0.00021354,311,0.00042510,159,0.00143179,152,conversational-leaning,"books,web",same_hand_different_fingers
du,160,0.00148461,173,0.00153538,254,0.00042361,94,unstable,subtlex,alternate_hands
qu,162,0.00147541,195,0.00124144,217,0.00071129,55,unstable,subtlex,alternate_hands
ah,317,0.00013643,322,0.00039717,162,0.00140751,160,conversational-leaning,"books,web",alternate_hands
ue,163,0.00147480,191,0.00126785,201,0.00087562,38,unstable,subtlex,alternate_hands
ff,164,0.00146317,183,0.00133827,165,0.00128173,19,universal,,same_key
pp,170,0.00136546,177,0.00148034,164,0.00128494,13,universal,,same_key
eg,183,0.00119536,164,0.00172584,242,0.00051874,78,unstable,subtlex,same_hand_different_fingers
au,184,0.00119033,187,0.00129079,166,0.00126001,21,universal,,alternate_hands
gu,214,0.00085770,237,0.00089463,167,0.00125936,70,conversational-leaning,"books,web",alternate_hands
dt,396,0.00002896,167,0.00164549,420,0.00001033,253,web-leaning,"books,subtlex",same_hand_different_fingers
va,168,0.00139980,174,0.00150829,258,0.00041130,90,unstable,subtlex,same_hand_different_fingers
lt,179,0.00123637,168,0.00163548,247,0.00047957,79,unstable,subtlex,alternate_hands
um,169,0.00138383,175,0.00150012,212,0.00080479,43,unstable,subtlex,same_finger_different_key
dy,252,0.00050423,304,0.00048152,170,0.00120740,134,conversational-leaning,"books,web",alternate_hands
ua,171,0.00136333,197,0.00123329,237,0.00055545,66,unstable,subtlex,alternate_hands
ys,200,0.00096832,171,0.00158461,172,0.00118740,29,universal,,alternate_hands
lu,173,0.00135189,188,0.00129075,218,0.00068562,45,unstable,subtlex,same_hand_different_fingers
pi,180,0.00123094,179,0.00144354,174,0.00117408,6,universal,,same_hand_different_fingers
fu,203,0.00095975,232,0.00092374,175,0.00115566,57,conversational-leaning,"books,web",alternate_hands
ru,176,0.00128329,190,0.00127121,181,0.00108571,14,universal,,alternate_hands
br,188,0.00111560,206,0.00111994,176,0.00113343,30,unstable,web,same_finger_different_key
tl,196,0.00098449,225,0.00097603,178,0.00110242,47,unstable,web,alternate_hands
wn,220,0.00078988,258,0.00067408,179,0.00110043,79,conversational-leaning,"books,web",alternate_hands
dr,215,0.00085450,201,0.00116818,180,0.00108619,35,conversational-leaning,"books,web",same_hand_different_fingers
og,205,0.00094024,181,0.00142967,240,0.00053828,59,web-leaning,"books,subtlex",alternate_hands
dn,346,0.00007569,324,0.00038517,183,0.00105807,163,conversational-leaning,"books,web",alternate_hands
nf,228,0.00067181,184,0.00130856,283,0.00024582,99,web-leaning,"books,subtlex",alternate_hands
bi,189,0.00106597,185,0.00130631,189,0.00100095,4,universal,,alternate_hands
mu,187,0.00114619,223,0.00100365,190,0.00099765,36,unstable,web,same_finger_different_key
hy,253,0.00050089,323,0.00039116,188,0.00101888,135,conversational-leaning,"books,web",same_finger_different_key
ob,201,0.00096671,189,0.00127734,196,0.00091000,12,unstable,books,alternate_hands
pt,190,0.00105782,216,0.00103456,253,0.00043848,63,book-leaning,"web,subtlex",alternate_hands
pu,192,0.00104540,210,0.00108790,210,0.00081497,18,book-leaning,"web,subtlex",same_hand_different_fingers
ui,193,0.00101153,215,0.00104443,221,0.00066563,28,book-leaning,"web,subtlex",same_hand_different_fingers
hu,223,0.00073693,280,0.00057317,193,0.00096062,87,conversational-leaning,"books,web",same_finger_different_key
rg,194,0.00099773,219,0.00101557,223,0.00065385,29,book-leaning,"web,subtlex",same_finger_different_key
ip,210,0.00089211,194,0.00124162,239,0.00054343,45,web-leaning,"books,subtlex",same_hand_different_fingers
ib,195,0.00098603,241,0.00088492,262,0.00038273,67,book-leaning,"web,subtlex",alternate_hands
oa,240,0.00057486,196,0.00123406,244,0.00050967,48,web-leaning,"books,subtlex",alternate_hands
ms,206,0.00092833,198,0.00122741,259,0.00040741,61,web-leaning,"books,subtlex",alternate_hands
rk,199,0.00097034,203,0.00115028,200,0.00087652,4,unstable,web,alternate_hands
tw,218,0.00082372,199,0.00121699,234,0.00057082,35,web-leaning,"books,subtlex",same_hand_different_fingers
mm,202,0.00096069,200,0.00117886,243,0.00051234,43,web-leaning,"books,subtlex",same_key
mb,209,0.00090256,202,0.00115742,222,0.00066301,20,below-cut,"books,web,subtlex",alternate_hands
ks,255,0.00047509,230,0.00093213,203,0.00087421,52,below-cut,"books,web,subtlex",alternate_hands
ph,204,0.00094390,205,0.00113349,249,0.00046356,45,below-cut,"books,web,subtlex",same_hand_different_fingers
ka,307,0.00016956,297,0.00051124,205,0.00086759,102,below-cut,"books,web,subtlex",alternate_hands
rl,213,0.00086265,221,0.00100991,206,0.00086296,15,below-cut,"books,web,subtlex",alternate_hands
nu,221,0.00078644,207,0.00111917,231,0.00057683,24,below-cut,"books,web,subtlex",same_finger_different_key
ud,208,0.00091401,227,0.00095142,246,0.00049176,38,below-cut,"books,web,subtlex",alternate_hands
oe,264,0.00038631,298,0.00050946,208,0.00082597,90,below-cut,"books,web,subtlex",alternate_hands
tc,281,0.00026136,208,0.00110301,236,0.00056438,73,below-cut,"books,web,subtlex",same_hand_different_fingers
sw,289,0.00023528,209,0.00109616,260,0.00040629,80,below-cut,"books,web,subtlex",same_finger_different_key
ub,211,0.00088580,220,0.00101422,255,0.00041614,44,below-cut,"books,web,subtlex",alternate_hands
sm,231,0.00065199,212,0.00105713,263,0.00037166,51,below-cut,"books,web,subtlex",alternate_hands
rv,227,0.00069283,213,0.00105666,271,0.00029047,58,below-cut,"books,web,subtlex",same_finger_different_key
aw,238,0.00059916,267,0.00062629,213,0.00079769,54,below-cut,"books,web,subtlex",same_hand_different_fingers
lk,297,0.00019715,366,0.00022767,214,0.00078825,152,below-cut,"books,web,subtlex",same_hand_different_fingers
sn,339,0.00009175,256,0.00068683,215,0.00077680,124,below-cut,"books,web,subtlex",alternate_hands
hr,216,0.00084393,251,0.00072136,216,0.00075352,35,below-cut,"books,web,subtlex",alternate_hands
cc,217,0.00083138,239,0.00088789,280,0.00026077,63,below-cut,"books,web,subtlex",same_key
nl,235,0.00063784,217,0.00102744,230,0.00057876,18,below-cut,"books,web,subtlex",same_hand_different_fingers
sf,305,0.00017164,218,0.00101829,351,0.00004778,133,below-cut,"books,web,subtlex",same_hand_different_fingers
jo,245,0.00053790,257,0.00067897,219,0.00068140,38,below-cut,"books,web,subtlex",same_hand_different_fingers
af,222,0.00074207,236,0.00089519,225,0.00063040,14,below-cut,"books,web,subtlex",same_hand_different_fingers
ya,311,0.00015766,222,0.00100791,303,0.00016204,89,below-cut,"books,web,subtlex",alternate_hands
dd,259,0.00042751,224,0.00097649,245,0.00049732,35,below-cut,"books,web,subtlex",same_key
vo,226,0.00071107,291,0.00053072,268,0.00034490,65,below-cut,"books,web,subtlex",alternate_hands
yt,308,0.00016684,229,0.00094031,226,0.00062140,82,below-cut,"books,web,subtlex",alternate_hands
uy,373,0.00004567,356,0.00024485,227,0.00061983,146,below-cut,"books,web,subtlex",same_finger_different_key
yb,380,0.00004299,316,0.00041848,228,0.00058098,152,below-cut,"books,web,subtlex",alternate_hands
xp,229,0.00066864,299,0.00050643,274,0.00027975,70,below-cut,"books,web,subtlex",alternate_hands
yi,274,0.00028820,270,0.00061293,229,0.00058009,45,below-cut,"books,web,subtlex",same_hand_different_fingers
gn,230,0.00065639,253,0.00070341,269,0.00029559,39,below-cut,"books,web,subtlex",alternate_hands
fl,232,0.00064905,264,0.00064994,256,0.00041575,32,below-cut,"books,web,subtlex",alternate_hands
gs,251,0.00051193,240,0.00088595,232,0.00057544,19,below-cut,"books,web,subtlex",same_hand_different_fingers
iz,233,0.00064340,295,0.00051451,276,0.00026818,62,below-cut,"books,web,subtlex",alternate_hands
lf,246,0.00053477,290,0.00053451,233,0.00057238,57,below-cut,"books,web,subtlex",alternate_hands
db,401,0.00002773,233,0.00092267,340,0.00005924,168,below-cut,"books,web,subtlex",same_hand_different_fingers
ws,266,0.00035084,234,0.00092227,272,0.00028661,38,below-cut,"books,web,subtlex",same_finger_different_key
sl,243,0.00055881,235,0.00089608,248,0.00047366,13,below-cut,"books,web,subtlex",alternate_hands
mr,393,0.00003106,404,0.00014692,235,0.00057076,169,below-cut,"books,web,subtlex",alternate_hands
gl,237,0.00060637,276,0.00060136,264,0.00036845,39,below-cut,"books,web,subtlex",alternate_hands
rp,261,0.00041620,238,0.00089407,285,0.00022328,47,below-cut,"books,web,subtlex",alternate_hands
sk,262,0.00039465,278,0.00057782,238,0.00054635,40,below-cut,"books,web,subtlex",alternate_hands
eq,241,0.00057252,293,0.00051770,323,0.00008562,82,below-cut,"books,web,subtlex",same_hand_different_fingers
oy,265,0.00036181,302,0.00048341,241,0.00052718,61,below-cut,"books,web,subtlex",same_hand_different_fingers
sy,242,0.00056845,254,0.00070105,265,0.00036674,23,below-cut,"books,web,subtlex",alternate_hands
gt,312,0.00015403,242,0.00086227,360,0.00003959,118,below-cut,"books,web,subtlex",same_finger_different_key
ps,244,0.00054571,249,0.00074009,250,0.00044378,6,below-cut,"books,web,subtlex",alternate_hands
eh,280,0.00026324,244,0.00085181,291,0.00019564,47,below-cut,"books,web,subtlex",alternate_hands
tm,278,0.00026479,245,0.00083861,295,0.00017349,50,below-cut,"books,web,subtlex",alternate_hands
sb,344,0.00007916,246,0.00083270,321,0.00009161,98,below-cut,"books,web,subtlex",same_hand_different_fingers
nv,247,0.00052007,294,0.00051495,284,0.00024160,47,below-cut,"books,web,subtlex",alternate_hands
je,248,0.00051887,281,0.00056177,267,0.00034502,33,below-cut,"books,web,subtlex",alternate_hands
lp,299,0.00019030,248,0.00074303,251,0.00044225,51,below-cut,"books,web,subtlex",same_hand_different_fingers
eu,270,0.00031153,250,0.00072883,306,0.00014156,56,below-cut,"books,web,subtlex",alternate_hands
yp,285,0.00024914,252,0.00071514,330,0.00007496,78,below-cut,"books,web,subtlex",same_hand_different_fingers
uh,456,0.00001067,462,0.00007869,252,0.00044173,210,below-cut,"books,web,subtlex",same_finger_different_key
ze,254,0.00049733,307,0.00045546,270,0.00029083,53,below-cut,"books,web,subtlex",same_hand_different_fingers
nm,275,0.00027749,255,0.00068723,339,0.00005927,84,below-cut,"books,web,subtlex",same_finger_different_key
xt,256,0.00046661,285,0.00054396,278,0.00026701,29,below-cut,"books,web,subtlex",same_hand_different_fingers
bs,257,0.00045832,262,0.00066050,294,0.00017361,37,below-cut,"books,web,subtlex",same_hand_different_fingers
tp,381,0.00004294,259,0.00067182,424,0.00000934,165,below-cut,"books,web,subtlex",alternate_hands
cy,260,0.00041719,275,0.00060339,297,0.00016981,37,below-cut,"books,web,subtlex",alternate_hands
dc,412,0.00002519,260,0.00066839,401,0.00001645,152,below-cut,"books,web,subtlex",same_finger_different_key
rf,269,0.00032260,261,0.00066069,279,0.00026502,18,below-cut,"books,web,subtlex",same_finger_different_key
wr,272,0.00030761,339,0.00030622,261,0.00039537,78,below-cut,"books,web,subtlex",same_hand_different_fingers
xi,263,0.00039418,347,0.00027439,311,0.00011147,84,below-cut,"books,web,subtlex",alternate_hands
sr,356,0.00005990,263,0.00065644,405,0.00001494,142,below-cut,"books,web,subtlex",same_hand_different_fingers
sd,365,0.00005259,265,0.00064666,367,0.00003724,102,below-cut,"books,web,subtlex",same_hand_different_fingers
ja,283,0.00025861,266,0.00062856,266,0.00035077,17,below-cut,"books,web,subtlex",alternate_hands
lv,267,0.00034906,350,0.00027035,301,0.00016393,83,below-cut,"books,web,subtlex",alternate_hands
dl,268,0.00032340,288,0.00053632,282,0.00025359,20,below-cut,"books,web,subtlex",alternate_hands
dm,303,0.00018177,269,0.00061628,316,0.00009978,47,below-cut,"books,web,subtlex",alternate_hands
dg,271,0.00031003,312,0.00042291,304,0.00015663,41,below-cut,"books,web,subtlex",same_hand_different_fingers
cs,292,0.00022823,271,0.00061138,333,0.00006680,62,below-cut,"books,web,subtlex",same_hand_different_fingers
yc,318,0.00013501,272,0.00060949,338,0.00006078,66,below-cut,"books,web,subtlex",alternate_hands
xa,273,0.00029601,352,0.00025761,305,0.00015216,79,below-cut,"books,web,subtlex",same_hand_different_fingers
lc,327,0.00011822,274,0.00060663,313,0.00010501,53,below-cut,"books,web,subtlex",alternate_hands
xc,279,0.00026460,358,0.00024371,275,0.00027948,83,below-cut,"books,web,subtlex",same_hand_different_fingers
rb,277,0.00026712,279,0.00057534,308,0.00013624,31,below-cut,"books,web,subtlex",same_finger_different_key
gg,287,0.00024755,340,0.00029865,277,0.00026702,63,below-cut,"books,web,subtlex",same_key
dw,343,0.00008162,277,0.00057872,346,0.00004987,69,below-cut,"books,web,subtlex",same_hand_different_fingers
lw,322,0.00012639,364,0.00023237,281,0.00025632,83,below-cut,"books,web,subtlex",alternate_hands
gy,282,0.00025940,331,0.00034834,324,0.00008361,49,below-cut,"books,web,subtlex",alternate_hands
tb,411,0.00002544,282,0.00055710,358,0.00004149,129,below-cut,"books,web,subtlex",same_finger_different_key
df,400,0.00002779,283,0.00055697,385,0.00002345,117,below-cut,"books,web,subtlex",same_hand_different_fingers
hn,284,0.00025758,320,0.00040032,299,0.00016625,36,below-cut,"books,web,subtlex",same_finger_different_key
ym,288,0.00023675,284,0.00054415,307,0.00014002,23,below-cut,"books,web,subtlex",same_finger_different_key
za,286,0.00024904,363,0.00023244,326,0.00008049,77,below-cut,"books,web,subtlex",same_finger_different_key
ek,309,0.00016472,326,0.00037988,286,0.00021773,40,below-cut,"books,web,subtlex",alternate_hands
tf,361,0.00005661,286,0.00054133,365,0.00003881,79,below-cut,"books,web,subtlex",same_finger_different_key
py,328,0.00011764,338,0.00030946,287,0.00021510,51,below-cut,"books,web,subtlex",same_hand_different_fingers
np,355,0.00006036,287,0.00053856,389,0.00002133,102,below-cut,"books,web,subtlex",same_hand_different_fingers
az,326,0.00011869,343,0.00028771,288,0.00021019,55,below-cut,"books,web,subtlex",same_finger_different_key
dv,298,0.00019053,289,0.00053622,332,0.00006816,43,below-cut,"books,web,subtlex",same_hand_different_fingers
uf,302,0.00018532,375,0.00021235,289,0.00020823,86,below-cut,"books,web,subtlex",alternate_hands
bj,290,0.00023225,381,0.00020324,353,0.00004587,91,below-cut,"books,web,subtlex",alternate_hands
lm,291,0.00023021,309,0.00044397,290,0.00020488,19,below-cut,"books,web,subtlex",same_hand_different_fingers
mn,342,0.00008790,408,0.00014342,292,0.00018457,116,below-cut,"books,web,subtlex",same_finger_different_key
dp,432,0.00001733,292,0.00052991,396,0.00001968,140,below-cut,"books,web,subtlex",alternate_hands
ii,293,0.00022782,396,0.00017298,429,0.00000831,136,below-cut,"books,web,subtlex",same_key
ix,294,0.00022032,371,0.00021708,293,0.00017504,78,below-cut,"books,web,subtlex",alternate_hands
xe,295,0.00021795,362,0.00023295,328,0.00007823,67,below-cut,"books,web,subtlex",same_hand_different_fingers
bb,332,0.00010933,393,0.00017551,296,0.00017149,97,below-cut,"books,web,subtlex",same_key
nb,378,0.00004336,296,0.00051168,373,0.00003180,82,below-cut,"books,web,subtlex",alternate_hands
lr,336,0.00010051,319,0.00040332,298,0.00016710,38,below-cut,"books,web,subtlex",alternate_hands
ax,300,0.00018839,346,0.00027441,309,0.00012619,46,below-cut,"books,web,subtlex",same_hand_different_fingers
pm,310,0.00015956,300,0.00048985,384,0.00002404,84,below-cut,"books,web,subtlex",same_hand_different_fingers
yw,389,0.00003372,321,0.00039728,300,0.00016407,89,below-cut,"books,web,subtlex",alternate_hands
ox,301,0.00018575,353,0.00025194,319,0.00009865,52,below-cut,"books,web,subtlex",alternate_hands
td,442,0.00001296,301,0.00048439,442,0.00000656,141,below-cut,"books,web,subtlex",same_hand_different_fingers
ky,358,0.00005950,407,0.00014411,302,0.00016319,105,below-cut,"books,web,subtlex",same_hand_different_fingers
yr,345,0.00007792,303,0.00048165,379,0.00002817,76,below-cut,"books,web,subtlex",alternate_hands
iu,304,0.00017409,398,0.00015976,344,0.00005238,94,below-cut,"books,web,subtlex",same_hand_different_fingers
lb,351,0.00006690,305,0.00047377,363,0.00003907,58,below-cut,"books,web,subtlex",alternate_hands
bt,306,0.00017104,429,0.00012157,341,0.00005765,123,below-cut,"books,web,subtlex",same_finger_different_key
rw,320,0.00012757,306,0.00046830,322,0.00008578,16,below-cut,"books,web,subtlex",same_hand_different_fingers
nw,360,0.00005797,310,0.00042728,386,0.00002322,76,below-cut,"books,web,subtlex",alternate_hands
zy,416,0.00002357,530,0.00003028,310,0.00012125,220,below-cut,"books,web,subtlex",alternate_hands
hs,316,0.00014684,327,0.00037750,312,0.00010875,15,below-cut,"books,web,subtlex",alternate_hands
wl,313,0.00015221,403,0.00014906,331,0.00006958,90,below-cut,"books,web,subtlex",alternate_hands
dh,364,0.00005438,313,0.00041985,398,0.00001831,85,below-cut,"books,web,subtlex",alternate_hands
rh,314,0.00015112,333,0.00034487,315,0.00010151,19,below-cut,"books,web,subtlex",alternate_hands
yl,315,0.00014756,314,0.00041955,337,0.00006207,23,below-cut,"books,web,subtlex",same_hand_different_fingers
kl,335,0.00010570,387,0.00018611,314,0.00010201,73,below-cut,"books,web,subtlex",same_hand_different_fingers
nh,333,0.00010884,315,0.00041864,359,0.00004025,44,below-cut,"books,web,subtlex",same_finger_different_key
zi,325,0.00012117,372,0.00021355,317,0.00009944,55,below-cut,"books,web,subtlex",alternate_hands
tn,337,0.00010011,317,0.00041568,320,0.00009711,20,below-cut,"books,web,subtlex",alternate_hands
ae,324,0.00012397,384,0.00019004,318,0.00009919,66,below-cut,"books,web,subtlex",same_hand_different_fingers
mt,438,0.00001367,318,0.00040691,446,0.00000579,128,below-cut,"books,web,subtlex",alternate_hands
yn,319,0.00013214,329,0.00035486,343,0.00005624,24,below-cut,"books,web,subtlex",same_finger_different_key
hm,321,0.00012743,348,0.00027372,325,0.00008333,27,below-cut,"books,web,subtlex",same_finger_different_key
hl,323,0.00012592,374,0.00021237,348,0.00004817,51,below-cut,"books,web,subtlex",same_hand_different_fingers
nr,340,0.00009152,325,0.00038236,347,0.00004835,22,below-cut,"books,web,subtlex",alternate_hands
ji,402,0.00002763,468,0.00007255,327,0.00007830,141,below-cut,"books,web,subtlex",same_hand_different_fingers
aj,329,0.00011753,420,0.00012928,334,0.00006556,91,below-cut,"books,web,subtlex",alternate_hands
nj,331,0.00011086,382,0.00020185,329,0.00007611,53,below-cut,"books,web,subtlex",same_finger_different_key
iq,330,0.00011304,441,0.00010709,372,0.00003222,111,below-cut,"books,web,subtlex",alternate_hands
yd,350,0.00006818,330,0.00035334,375,0.00003099,45,below-cut,"books,web,subtlex",alternate_hands
yf,469,0.00000754,332,0.00034602,371,0.00003253,137,below-cut,"books,web,subtlex",alternate_hands
uo,334,0.00010657,415,0.00013657,381,0.00002532,81,below-cut,"books,web,subtlex",same_hand_different_fingers
ko,354,0.00006076,334,0.00033870,349,0.00004807,20,below-cut,"books,web,subtlex",same_hand_different_fingers
sq,347,0.00007444,432,0.00011251,335,0.00006394,97,below-cut,"books,web,subtlex",same_hand_different_fingers
sg,414,0.00002468,335,0.00033679,376,0.00003093,79,below-cut,"books,web,subtlex",same_hand_different_fingers
fs,362,0.00005510,336,0.00033258,394,0.00002055,58,below-cut,"books,web,subtlex",same_hand_different_fingers
ez,375,0.00004523,455,0.00008582,336,0.00006298,119,below-cut,"books,web,subtlex",same_hand_different_fingers
kt,461,0.00001033,337,0.00031060,421,0.00000983,124,below-cut,"books,web,subtlex",alternate_hands
gm,338,0.00009858,369,0.00022193,397,0.00001916,59,below-cut,"books,web,subtlex",alternate_hands
fy,341,0.00009098,351,0.00025847,345,0.00005123,10,below-cut,"books,web,subtlex",alternate_hands
ww,520,0.00000262,341,0.00029416,541,0.00000030,200,below-cut,"books,web,subtlex",same_key
zz,406,0.00002660,485,0.00006101,342,0.00005649,143,below-cut,"books,web,subtlex",same_key
gc,531,0.00000229,342,0.00028890,557,0.00000015,215,below-cut,"books,web,subtlex",same_hand_different_fingers
aa,398,0.00002830,344,0.00028684,374,0.00003110,54,below-cut,"books,web,subtlex",same_key
fc,488,0.00000576,345,0.00027611,465,0.00000402,143,below-cut,"books,web,subtlex",same_hand_different_fingers
zo,348,0.00007181,388,0.00018380,362,0.00003920,40,below-cut,"books,web,subtlex",alternate_hands
oj,349,0.00006976,389,0.00018158,388,0.00002247,40,below-cut,"books,web,subtlex",same_hand_different_fingers
wt,352,0.00006541,349,0.00027094,433,0.00000763,84,below-cut,"books,web,subtlex",same_hand_different_fingers
hd,397,0.00002857,401,0.00015604,350,0.00004780,51,below-cut,"books,web,subtlex",alternate_hands
ln,359,0.00005870,377,0.00020749,352,0.00004596,25,below-cut,"books,web,subtlex",same_hand_different_fingers
lg,353,0.00006088,376,0.00020796,404,0.00001526,51,below-cut,"books,web,subtlex",alternate_hands
uk,372,0.00004604,378,0.00020578,354,0.00004574,24,below-cut,"books,web,subtlex",same_hand_different_fingers
yh,493,0.00000521,354,0.00025156,423,0.00000934,139,below-cut,"books,web,subtlex",same_finger_different_key
wy,415,0.00002425,417,0.00013390,355,0.00004416,62,below-cut,"books,web,subtlex",alternate_hands
tg,425,0.00001969,355,0.00025052,413,0.00001221,70,below-cut,"books,web,subtlex",same_finger_different_key
hb,376,0.00004390,402,0.00015550,356,0.00004349,46,below-cut,"books,web,subtlex",alternate_hands
nq,357,0.00005950,495,0.00004972,392,0.00002066,138,below-cut,"books,web,subtlex",alternate_hands
vy,366,0.00004897,518,0.00003369,357,0.00004295,161,below-cut,"books,web,subtlex",alternate_hands
mc,379,0.00004312,357,0.00024387,430,0.00000780,73,below-cut,"books,web,subtlex",alternate_hands
gp,505,0.00000412,359,0.00024229,476,0.00000314,146,below-cut,"books,web,subtlex",alternate_hands
hc,445,0.00001228,360,0.00024156,479,0.00000281,119,below-cut,"books,web,subtlex",alternate_hands
wd,387,0.00003538,451,0.00008977,361,0.00003934,90,below-cut,"books,web,subtlex",same_hand_different_fingers
cd,419,0.00002231,361,0.00023316,445,0.00000580,84,below-cut,"books,web,subtlex",same_finger_different_key
cq,363,0.00005475,510,0.00003697,414,0.00001168,147,below-cut,"books,web,subtlex",same_hand_different_fingers
tv,453,0.00001163,379,0.00020515,364,0.00003892,89,below-cut,"books,web,subtlex",same_finger_different_key
gf,448,0.00001204,365,0.00022821,461,0.00000422,96,below-cut,"books,web,subtlex",same_finger_different_key
oz,388,0.00003472,476,0.00006761,366,0.00003749,110,below-cut,"books,web,subtlex",alternate_hands
dj,367,0.00004782,427,0.00012286,411,0.00001264,60,below-cut,"books,web,subtlex",alternate_hands
hp,485,0.00000592,367,0.00022396,471,0.00000358,118,below-cut,"books,web,subtlex",same_hand_different_fingers
hw,368,0.00004774,397,0.00016586,399,0.00001788,31,below-cut,"books,web,subtlex",alternate_hands
mf,386,0.00003818,405,0.00014666,368,0.00003693,37,below-cut,"books,web,subtlex",alternate_hands
pd,449,0.00001199,368,0.00022297,454,0.00000493,86,below-cut,"books,web,subtlex",alternate_hands
xu,369,0.00004771,484,0.00006108,380,0.00002576,115,below-cut,"books,web,subtlex",alternate_hands
wf,434,0.00001608,464,0.00007672,369,0.00003554,95,below-cut,"books,web,subtlex",same_hand_different_fingers
ao,370,0.00004626,406,0.00014535,393,0.00002065,36,below-cut,"books,web,subtlex",alternate_hands
bv,385,0.00003844,554,0.00002284,370,0.00003491,184,below-cut,"books,web,subtlex",same_finger_different_key
pc,451,0.00001176,370,0.00021732,436,0.00000745,81,below-cut,"books,web,subtlex",alternate_hands
ml,371,0.00004607,385,0.00018984,410,0.00001278,39,below-cut,"books,web,subtlex",same_hand_different_fingers
fp,538,0.00000222,373,0.00021245,550,0.00000022,177,below-cut,"books,web,subtlex",alternate_hands
ej,374,0.00004546,395,0.00017323,407,0.00001403,33,below-cut,"books,web,subtlex",alternate_hands
nz,377,0.00004369,475,0.00006887,428,0.00000896,98,below-cut,"books,web,subtlex",alternate_hands
kf,435,0.00001587,421,0.00012874,377,0.00003015,58,below-cut,"books,web,subtlex",alternate_hands
ku,394,0.00003026,443,0.00010178,378,0.00002913,65,below-cut,"books,web,subtlex",same_hand_different_fingers
gb,497,0.00000495,380,0.00020486,480,0.00000279,117,below-cut,"books,web,subtlex",same_finger_different_key
xh,382,0.00004171,497,0.00004786,403,0.00001615,115,below-cut,"books,web,subtlex",alternate_hands
uz,427,0.00001911,501,0.00004421,382,0.00002506,119,below-cut,"books,web,subtlex",alternate_hands
ux,383,0.00003935,449,0.00009078,416,0.00001132,66,below-cut,"books,web,subtlex",alternate_hands
sv,444,0.00001241,383,0.00019749,493,0.00000187,110,below-cut,"books,web,subtlex",same_hand_different_fingers
hh,492,0.00000522,431,0.00011696,383,0.00002482,109,below-cut,"books,web,subtlex",same_key
tz,384,0.00003849,486,0.00005982,390,0.00002093,102,below-cut,"books,web,subtlex",same_hand_different_fingers
fm,475,0.00000686,386,0.00018633,529,0.00000052,143,below-cut,"books,web,subtlex",alternate_hands
xy,409,0.00002576,491,0.00005587,387,0.00002285,104,below-cut,"books,web,subtlex",alternate_hands
kh,390,0.00003185,399,0.00015927,419,0.00001041,29,below-cut,"books,web,subtlex",same_hand_different_fingers
yg,408,0.00002593,390,0.00017951,402,0.00001642,18,below-cut,"books,web,subtlex",alternate_hands
gd,391,0.00003160,394,0.00017430,435,0.00000748,44,below-cut,"books,web,subtlex",same_hand_different_fingers
lh,433,0.00001619,391,0.00017712,457,0.00000472,66,below-cut,"books,web,subtlex",same_hand_different_fingers
wb,458,0.00001061,460,0.00008118,391,0.00002085,69,below-cut,"books,web,subtlex",same_hand_different_fingers
bm,392,0.00003129,400,0.00015900,427,0.00000902,35,below-cut,"books,web,subtlex",alternate_hands
gw,480,0.00000648,392,0.00017608,468,0.00000369,88,below-cut,"books,web,subtlex",same_hand_different_fingers
uv,395,0.00002917,482,0.00006144,409,0.00001291,87,below-cut,"books,web,subtlex",alternate_hands
wk,457,0.00001067,544,0.00002439,395,0.00001989,149,below-cut,"books,web,subtlex",alternate_hands
xx,399,0.00002804,457,0.00008316,524,0.00000062,125,below-cut,"books,web,subtlex",same_key
kw,421,0.00002178,450,0.00009056,400,0.00001647,50,below-cut,"books,web,subtlex",alternate_hands
kr,403,0.00002722,435,0.00011100,406,0.00001466,32,below-cut,"books,web,subtlex",alternate_hands
xo,404,0.00002699,474,0.00006903,422,0.00000976,70,below-cut,"books,web,subtlex",alternate_hands
cm,405,0.00002665,430,0.00011831,499,0.00000138,94,below-cut,"books,web,subtlex",alternate_hands
nx,407,0.00002621,515,0.00003522,408,0.00001379,108,below-cut,"books,web,subtlex",alternate_hands
fh,547,0.00000183,409,0.00014227,532,0.00000047,138,below-cut,"books,web,subtlex",alternate_hands
kg,410,0.00002563,469,0.00007065,432,0.00000766,59,below-cut,"books,web,subtlex",alternate_hands
vd,511,0.00000299,410,0.00014223,539,0.00000034,129,below-cut,"books,web,subtlex",same_hand_different_fingers
hf,418,0.00002243,411,0.00014150,418,0.00001044,7,below-cut,"books,web,subtlex",alternate_hands
yu,439,0.00001328,424,0.00012733,412,0.00001238,27,below-cut,"books,web,subtlex",same_finger_different_key
cp,440,0.00001315,412,0.00014138,518,0.00000074,106,below-cut,"books,web,subtlex",alternate_hands
bd,413,0.00002474,471,0.00007003,425,0.00000916,58,below-cut,"books,web,subtlex",same_hand_different_fingers
iw,483,0.00000625,413,0.00014060,483,0.00000256,70,below-cut,"books,web,subtlex",alternate_hands
kb,463,0.00000901,414,0.00013805,440,0.00000683,49,below-cut,"books,web,subtlex",alternate_hands
zl,443,0.00001257,551,0.00002336,415,0.00001148,136,below-cut,"books,web,subtlex",alternate_hands
fd,496,0.00000495,416,0.00013455,571,0.00000007,155,below-cut,"books,web,subtlex",same_hand_different_fingers
aq,417,0.00002244,418,0.00013228,456,0.00000474,39,below-cut,"books,web,subtlex",same_finger_different_key
vu,420,0.00002212,533,0.00002867,417,0.00001081,116,below-cut,"books,web,subtlex",alternate_hands
md,477,0.00000671,419,0.00013112,500,0.00000132,81,below-cut,"books,web,subtlex",alternate_hands
zu,422,0.00002152,500,0.00004447,449,0.00000523,78,below-cut,"books,web,subtlex",alternate_hands
mw,486,0.00000584,422,0.00012796,490,0.00000193,68,below-cut,"books,web,subtlex",alternate_hands
bn,423,0.00002095,493,0.00005305,453,0.00000493,70,below-cut,"books,web,subtlex",alternate_hands
bc,428,0.00001890,423,0.00012769,462,0.00000421,39,below-cut,"books,web,subtlex",same_hand_different_fingers
ih,424,0.00002091,426,0.00012426,473,0.00000349,49,below-cut,"books,web,subtlex",same_hand_different_fingers
fw,532,0.00000229,425,0.00012586,452,0.00000511,107,below-cut,"books,web,subtlex",same_hand_different_fingers
xv,426,0.00001953,553,0.00002303,549,0.00000022,127,below-cut,"books,web,subtlex",same_hand_different_fingers
km,431,0.00001789,439,0.00010775,426,0.00000908,13,below-cut,"books,web,subtlex",same_hand_different_fingers
wp,470,0.00000744,428,0.00012186,466,0.00000382,42,below-cut,"books,web,subtlex",alternate_hands
xf,429,0.00001857,494,0.00005090,502,0.00000128,73,below-cut,"books,web,subtlex",same_hand_different_fingers
yz,430,0.00001812,528,0.00003040,447,0.00000540,98,below-cut,"books,web,subtlex",alternate_hands
kp,472,0.00000727,442,0.00010560,431,0.00000768,41,below-cut,"books,web,subtlex",same_hand_different_fingers
pf,436,0.00001455,433,0.00011247,437,0.00000740,4,below-cut,"books,web,subtlex",alternate_hands
pk,467,0.00000819,543,0.00002507,434,0.00000755,109,below-cut,"books,web,subtlex",same_hand_different_fingers
fb,518,0.00000274,434,0.00011146,488,0.00000206,84,below-cut,"books,web,subtlex",same_finger_different_key
wc,476,0.00000674,436,0.00011083,491,0.00000188,55,below-cut,"books,web,subtlex",same_hand_different_fingers
cf,437,0.00001408,465,0.00007553,511,0.00000097,74,below-cut,"books,web,subtlex",same_hand_different_fingers
uw,516,0.00000277,437,0.00010972,535,0.00000039,98,below-cut,"books,web,subtlex",alternate_hands
pb,441,0.00001309,458,0.00008295,438,0.00000711,20,below-cut,"books,web,subtlex",alternate_hands
kc,534,0.00000224,438,0.00010787,514,0.00000091,96,below-cut,"books,web,subtlex",alternate_hands
ij,454,0.00001111,480,0.00006195,439,0.00000685,41,below-cut,"books,web,subtlex",same_hand_different_fingers
wm,455,0.00001090,440,0.00010720,459,0.00000444,19,below-cut,"books,web,subtlex",alternate_hands
pn,450,0.00001189,481,0.00006166,441,0.00000667,40,below-cut,"books,web,subtlex",same_hand_different_fingers
dq,473,0.00000707,517,0.00003388,443,0.00000652,74,below-cut,"books,web,subtlex",same_hand_different_fingers
dk,507,0.00000337,466,0.00007505,444,0.00000607,63,below-cut,"books,web,subtlex",alternate_hands
sj,519,0.00000270,444,0.00010169,516,0.00000078,75,below-cut,"books,web,subtlex",alternate_hands
mh,491,0.00000533,445,0.00009974,495,0.00000159,50,below-cut,"books,web,subtlex",same_finger_different_key
mg,446,0.00001225,454,0.00008633,534,0.00000039,88,below-cut,"books,web,subtlex",alternate_hands
cn,466,0.00000860,446,0.00009913,451,0.00000514,20,below-cut,"books,web,subtlex",alternate_hands
pw,447,0.00001207,472,0.00006976,481,0.00000275,34,below-cut,"books,web,subtlex",alternate_hands
fg,495,0.00000512,447,0.00009751,508,0.00000105,61,below-cut,"books,web,subtlex",same_finger_different_key
fn,502,0.00000419,448,0.00009081,540,0.00000033,92,below-cut,"books,web,subtlex",alternate_hands
bw,513,0.00000295,532,0.00002962,448,0.00000529,84,below-cut,"books,web,subtlex",same_hand_different_fingers
iy,539,0.00000222,573,0.00001818,450,0.00000521,123,below-cut,"books,web,subtlex",same_hand_different_fingers
rx,452,0.00001170,539,0.00002658,504,0.00000121,87,below-cut,"books,web,subtlex",same_hand_different_fingers
tk,499,0.00000464,452,0.00008877,537,0.00000036,85,below-cut,"books,web,subtlex",alternate_hands
pg,498,0.00000474,453,0.00008634,486,0.00000223,45,below-cut,"books,web,subtlex",alternate_hands
bp,490,0.00000547,478,0.00006643,455,0.00000485,35,below-cut,"books,web,subtlex",alternate_hands
yv,548,0.00000181,456,0.00008492,570,0.00000009,114,below-cut,"books,web,subtlex",alternate_hands
uj,494,0.00000516,558,0.00002178,458,0.00000448,100,below-cut,"books,web,subtlex",same_finger_different_key
bh,459,0.00001057,496,0.00004806,505,0.00000111,46,below-cut,"books,web,subtlex",alternate_hands
yj,637,0.00000020,459,0.00008191,520,0.00000070,178,below-cut,"books,web,subtlex",same_finger_different_key
oq,460,0.00001037,563,0.00002058,482,0.00000272,103,below-cut,"books,web,subtlex",alternate_hands
rz,481,0.00000638,505,0.00004063,460,0.00000433,45,below-cut,"books,web,subtlex",same_hand_different_fingers
tj,574,0.00000112,461,0.00008046,530,0.00000048,113,below-cut,"books,web,subtlex",alternate_hands
rq,462,0.00000998,504,0.00004146,470,0.00000359,42,below-cut,"books,web,subtlex",same_hand_different_fingers
kd,478,0.00000670,477,0.00006664,463,0.00000406,15,below-cut,"books,web,subtlex",alternate_hands
vs,487,0.00000577,463,0.00007759,487,0.00000216,24,below-cut,"books,web,subtlex",same_hand_different_fingers
cg,464,0.00000886,489,0.00005705,555,0.00000016,91,below-cut,"books,web,subtlex",same_hand_different_fingers
rj,489,0.00000553,470,0.00007010,464,0.00000404,25,below-cut,"books,web,subtlex",alternate_hands
vr,465,0.00000876,520,0.00003254,477,0.00000291,55,below-cut,"books,web,subtlex",same_finger_different_key
xm,530,0.00000233,467,0.00007500,538,0.00000036,71,below-cut,"books,web,subtlex",alternate_hands
zv,551,0.00000164,653,0.00000384,467,0.00000381,186,below-cut,"books,web,subtlex",same_hand_different_fingers
uu,468,0.00000780,541,0.00002552,469,0.00000362,73,below-cut,"books,web,subtlex",same_key
cz,471,0.00000731,559,0.00002124,503,0.00000127,88,below-cut,"books,web,subtlex",same_hand_different_fingers
hq,501,0.00000423,521,0.00003253,472,0.00000356,49,below-cut,"books,web,subtlex",alternate_hands
cb,482,0.00000630,473,0.00006903,506,0.00000109,33,below-cut,"books,web,subtlex",same_hand_different_fingers
wu,474,0.00000695,502,0.00004285,475,0.00000327,28,below-cut,"books,web,subtlex",alternate_hands
jr,525,0.00000243,561,0.00002060,474,0.00000337,87,below-cut,"books,web,subtlex",alternate_hands
yk,508,0.00000330,490,0.00005658,478,0.00000287,30,below-cut,"books,web,subtlex",same_hand_different_fingers
zh,479,0.00000666,587,0.00001489,522,0.00000069,108,below-cut,"books,web,subtlex",alternate_hands
hg,517,0.00000276,479,0.00006552,526,0.00000060,47,below-cut,"books,web,subtlex",alternate_hands
xs,596,0.00000064,483,0.00006122,548,0.00000023,113,below-cut,"books,web,subtlex",same_finger_different_key
xl,484,0.00000593,522,0.00003216,525,0.00000062,41,below-cut,"books,web,subtlex",alternate_hands
uq,522,0.00000257,615,0.00000894,484,0.00000241,131,below-cut,"books,web,subtlex",alternate_hands
kk,500,0.00000453,523,0.00003181,485,0.00000224,38,below-cut,"books,web,subtlex",same_key
yy,594,0.00000071,487,0.00005947,,0.00000000,,below-cut,"books,web,subtlex",same_key
tx,569,0.00000118,488,0.00005756,,0.00000000,,below-cut,"books,web,subtlex",same_hand_different_fingers
xw,536,0.00000223,552,0.00002316,489,0.00000199,63,below-cut,"books,web,subtlex",same_finger_different_key
cv,543,0.00000208,492,0.00005461,565,0.00000010,73,below-cut,"books,web,subtlex",same_hand_different_fingers
kj,565,0.00000123,531,0.00002967,492,0.00000187,73,below-cut,"books,web,subtlex",same_hand_different_fingers
xq,514,0.00000292,659,0.00000311,494,0.00000169,165,below-cut,"books,web,subtlex",same_hand_different_fingers
zs,512,0.00000298,572,0.00001851,496,0.00000146,76,below-cut,"books,web,subtlex",same_hand_different_fingers
wg,581,0.00000098,516,0.00003451,497,0.00000144,84,below-cut,"books,web,subtlex",same_hand_different_fingers
cw,561,0.00000139,498,0.00004711,582,0.00000004,84,below-cut,"books,web,subtlex",same_hand_different_fingers
vv,584,0.00000093,609,0.00001037,498,0.00000143,111,below-cut,"books,web,subtlex",same_key
xb,590,0.00000077,499,0.00004591,587,0.00000003,91,below-cut,"books,web,subtlex",same_hand_different_fingers
zr,546,0.00000189,590,0.00001429,501,0.00000129,89,below-cut,"books,web,subtlex",same_hand_different_fingers
lz,503,0.00000417,578,0.00001727,512,0.00000096,75,below-cut,"books,web,subtlex",alternate_hands
lj,573,0.00000112,503,0.00004268,552,0.00000021,70,below-cut,"books,web,subtlex",same_hand_different_fingers
vl,504,0.00000412,560,0.00002083,531,0.00000048,56,below-cut,"books,web,subtlex",alternate_hands
hz,506,0.00000381,555,0.00002257,596,0.00000001,90,below-cut,"books,web,subtlex",alternate_hands
hv,535,0.00000223,506,0.00004027,521,0.00000069,29,below-cut,"books,web,subtlex",alternate_hands
vc,529,0.00000233,507,0.00004007,527,0.00000059,22,below-cut,"books,web,subtlex",same_hand_different_fingers
zm,550,0.00000167,597,0.00001262,507,0.00000108,90,below-cut,"books,web,subtlex",alternate_hands
wj,623,0.00000032,508,0.00003997,517,0.00000077,115,below-cut,"books,web,subtlex",alternate_hands
qi,509,0.00000318,588,0.00001488,573,0.00000007,79,below-cut,"books,web,subtlex",alternate_hands
yx,557,0.00000149,603,0.00001112,509,0.00000101,94,below-cut,"books,web,subtlex",alternate_hands
fv,629,0.00000029,509,0.00003908,,0.00000000,,below-cut,"books,web,subtlex",same_finger_different_key
lx,510,0.00000305,596,0.00001303,566,0.00000010,86,below-cut,"books,web,subtlex",alternate_hands
gk,521,0.00000260,514,0.00003583,510,0.00000099,11,below-cut,"books,web,subtlex",alternate_hands
sx,643,0.00000018,511,0.00003657,,0.00000000,,below-cut,"books,web,subtlex",same_finger_different_key
mv,515,0.00000290,512,0.00003639,528,0.00000054,16,below-cut,"books,web,subtlex",alternate_hands
hk,528,0.00000234,529,0.00003033,513,0.00000095,16,below-cut,"books,web,subtlex",same_hand_different_fingers
gv,610,0.00000042,513,0.00003614,,0.00000000,,below-cut,"books,web,subtlex",same_finger_different_key
vp,545,0.00000195,545,0.00002407,515,0.00000079,30,below-cut,"books,web,subtlex",alternate_hands
zt,527,0.00000235,602,0.00001124,519,0.00000071,83,below-cut,"books,web,subtlex",same_hand_different_fingers
bf,559,0.00000146,519,0.00003276,536,0.00000036,40,below-cut,"books,web,subtlex",same_finger_different_key
bg,523,0.00000255,542,0.00002522,553,0.00000016,30,below-cut,"books,web,subtlex",same_finger_different_key
hj,609,0.00000045,534,0.00002847,523,0.00000068,86,below-cut,"books,web,subtlex",same_finger_different_key
sz,524,0.00000250,537,0.00002737,576,0.00000006,52,below-cut,"books,web,subtlex",same_hand_different_fingers
xr,625,0.00000032,524,0.00003170,600,0.00000001,101,below-cut,"books,web,subtlex",same_hand_different_fingers
xd,661,0.00000006,525,0.00003143,,0.00000000,,below-cut,"books,web,subtlex",same_hand_different_fingers
ql,526,0.00000238,527,0.00003112,592,0.00000001,66,below-cut,"books,web,subtlex",alternate_hands
fj,593,0.00000073,526,0.00003116,543,0.00000025,67,below-cut,"books,web,subtlex",alternate_hands
pz,533,0.00000226,620,0.00000772,556,0.00000016,87,below-cut,"books,web,subtlex",alternate_hands
mq,633,0.00000025,630,0.00000623,533,0.00000043,100,below-cut,"books,web,subtlex",alternate_hands
vt,541,0.00000219,535,0.00002838,561,0.00000012,26,below-cut,"books,web,subtlex",same_finger_different_key
pv,540,0.00000221,536,0.00002792,567,0.00000010,31,below-cut,"books,web,subtlex",alternate_hands
zw,537,0.00000223,618,0.00000824,564,0.00000011,81,below-cut,"books,web,subtlex",same_hand_different_fingers
mj,578,0.00000104,538,0.00002724,574,0.00000006,40,below-cut,"books,web,subtlex",same_finger_different_key
tq,586,0.00000089,540,0.00002579,,0.00000000,,below-cut,"books,web,subtlex",same_hand_different_fingers
jp,542,0.00000217,548,0.00002380,,0.00000000,,below-cut,"books,web,subtlex",same_hand_different_fingers
pj,580,0.00000100,601,0.00001135,542,0.00000027,59,below-cut,"books,web,subtlex",same_hand_different_fingers
zb,544,0.00000208,598,0.00001236,562,0.00000012,54,below-cut,"books,web,subtlex",same_hand_different_fingers
fk,570,0.00000117,557,0.00002226,544,0.00000025,26,below-cut,"books,web,subtlex",alternate_hands
jt,579,0.00000103,625,0.00000668,545,0.00000025,80,below-cut,"books,web,subtlex",alternate_hands
vg,577,0.00000105,546,0.00002390,599,0.00000001,53,below-cut,"books,web,subtlex",same_finger_different_key
jy,613,0.00000040,665,0.00000163,546,0.00000025,119,below-cut,"books,web,subtlex",same_finger_different_key
gz,567,0.00000122,582,0.00001576,547,0.00000023,35,below-cut,"books,web,subtlex",same_hand_different_fingers
vb,587,0.00000089,547,0.00002388,,0.00000000,,below-cut,"books,web,subtlex",same_finger_different_key
zg,549,0.00000168,632,0.00000603,,0.00000000,,below-cut,"books,web,subtlex",same_hand_different_fingers
gj,614,0.00000039,549,0.00002374,584,0.00000003,65,below-cut,"books,web,subtlex",alternate_hands
mk,560,0.00000140,550,0.00002344,551,0.00000022,10,below-cut,"books,web,subtlex",same_hand_different_fingers
qs,552,0.00000158,566,0.00002035,583,0.00000004,31,below-cut,"books,web,subtlex",same_hand_different_fingers
kv,553,0.00000157,562,0.00002059,579,0.00000004,26,below-cut,"books,web,subtlex",alternate_hands
vn,554,0.00000153,575,0.00001751,568,0.00000010,21,below-cut,"books,web,subtlex",alternate_hands
bz,618,0.00000036,616,0.00000869,554,0.00000016,64,below-cut,"books,web,subtlex",same_hand_different_fingers
zn,555,0.00000153,613,0.00000899,594,0.00000001,58,below-cut,"books,web,subtlex",alternate_hands
qa,556,0.00000152,574,0.00001765,586,0.00000003,30,below-cut,"books,web,subtlex",same_finger_different_key
wv,646,0.00000014,556,0.00002244,,0.00000000,,below-cut,"books,web,subtlex",same_hand_different_fingers
jn,558,0.00000147,622,0.00000739,,0.00000000,,below-cut,"books,web,subtlex",same_finger_different_key
dz,589,0.00000078,594,0.00001328,558,0.00000014,36,below-cut,"books,web,subtlex",same_hand_different_fingers
zp,606,0.00000048,612,0.00000903,559,0.00000014,53,below-cut,"books,web,subtlex",alternate_hands
zk,626,0.00000032,636,0.00000557,560,0.00000013,76,below-cut,"books,web,subtlex",alternate_hands
jm,562,0.00000130,600,0.00001139,,0.00000000,,below-cut,"books,web,subtlex",same_finger_different_key
lq,563,0.00000127,580,0.00001668,580,0.00000004,17,below-cut,"books,web,subtlex",alternate_hands
qt,605,0.00000049,593,0.00001386,563,0.00000011,42,below-cut,"books,web,subtlex",same_hand_different_fingers
jh,564,0.00000126,631,0.00000614,,0.00000000,,below-cut,"books,web,subtlex",same_finger_different_key
vh,582,0.00000095,564,0.00002052,,0.00000000,,below-cut,"books,web,subtlex",alternate_hands
yq,647,0.00000014,565,0.00002040,,0.00000000,,below-cut,"books,web,subtlex",alternate_hands
jc,566,0.00000122,581,0.00001617,,0.00000000,,below-cut,"books,web,subtlex",alternate_hands
xn,601,0.00000057,567,0.00002029,,0.00000000,,below-cut,"books,web,subtlex",alternate_hands
js,568,0.00000118,576,0.00001750,572,0.00000007,8,below-cut,"books,web,subtlex",alternate_hands
xg,640,0.00000019,568,0.00002026,588,0.00000003,72,below-cut,"books,web,subtlex",same_hand_different_fingers
dx,608,0.00000046,569,0.00001919,,0.00000000,,below-cut,"books,web,subtlex",same_hand_different_fingers
mz,621,0.00000034,629,0.00000625,569,0.00000009,60,below-cut,"books,web,subtlex",alternate_hands
vm,572,0.00000113,570,0.00001911,,0.00000000,,below-cut,"books,web,subtlex",alternate_hands
jl,571,0.00000113,628,0.00000626,,0.00000000,,below-cut,"books,web,subtlex",same_hand_different_fingers
mx,619,0.00000035,571,0.00001908,,0.00000000,,below-cut,"books,web,subtlex",alternate_hands
jj,575,0.00000106,639,0.00000544,585,0.00000003,64,below-cut,"books,web,subtlex",same_key
qe,636,0.00000020,654,0.00000379,575,0.00000006,79,below-cut,"books,web,subtlex",same_hand_different_fingers
cj,576,0.00000105,589,0.00001465,,0.00000000,,below-cut,"books,web,subtlex",alternate_hands
bk,583,0.00000094,605,0.00001053,577,0.00000005,28,below-cut,"books,web,subtlex",alternate_hands
vw,631,0.00000026,577,0.00001746,,0.00000000,,below-cut,"books,web,subtlex",same_hand_different_fingers
jg,617,0.00000037,649,0.00000428,578,0.00000005,71,below-cut,"books,web,subtlex",alternate_hands
wx,666,0.00000005,579,0.00001713,,0.00000000,,below-cut,"books,web,subtlex",same_finger_different_key
qr,597,0.00000062,599,0.00001234,581,0.00000004,18,below-cut,"books,web,subtlex",same_hand_different_fingers
pq,616,0.00000038,583,0.00001530,590,0.00000002,33,below-cut,"books,web,subtlex",alternate_hands
wz,,0.00000000,584,0.00001528,591,0.00000002,,below-cut,"books,web,subtlex",same_hand_different_fingers
jd,585,0.00000093,604,0.00001082,,0.00000000,,below-cut,"books,web,subtlex",alternate_hands
zd,604,0.00000050,585,0.00001517,,0.00000000,,below-cut,"books,web,subtlex",same_hand_different_fingers
zc,592,0.00000075,586,0.00001497,593,0.00000001,7,below-cut,"books,web,subtlex",same_hand_different_fingers
jf,588,0.00000086,635,0.00000559,,0.00000000,,below-cut,"books,web,subtlex",alternate_hands
bx,630,0.00000028,610,0.00000967,589,0.00000002,41,below-cut,"books,web,subtlex",same_hand_different_fingers
jb,591,0.00000075,611,0.00000935,,0.00000000,,below-cut,"books,web,subtlex",alternate_hands
jk,598,0.00000062,591,0.00001428,,0.00000000,,below-cut,"books,web,subtlex",same_hand_different_fingers
fx,628,0.00000029,592,0.00001419,,0.00000000,,below-cut,"books,web,subtlex",same_hand_different_fingers
qn,595,0.00000066,648,0.00000432,,0.00000000,,below-cut,"books,web,subtlex",alternate_hands
px,603,0.00000052,595,0.00001307,,0.00000000,,below-cut,"books,web,subtlex",alternate_hands
fz,655,0.00000009,638,0.00000547,595,0.00000001,60,below-cut,"books,web,subtlex",same_hand_different_fingers
qm,620,0.00000035,643,0.00000519,597,0.00000001,46,below-cut,"books,web,subtlex",alternate_hands
qv,634,0.00000023,662,0.00000235,598,0.00000001,64,below-cut,"books,web,subtlex",same_hand_different_fingers
jv,599,0.00000061,626,0.00000645,,0.00000000,,below-cut,"books,web,subtlex",alternate_hands
qq,600,0.00000061,660,0.00000248,,0.00000000,,below-cut,"books,web,subtlex",same_key
vf,602,0.00000055,607,0.00001050,,0.00000000,,below-cut,"books,web,subtlex",same_finger_different_key
cx,627,0.00000031,606,0.00001050,,0.00000000,,below-cut,"books,web,subtlex",same_hand_different_fingers
qo,607,0.00000047,656,0.00000375,,0.00000000,,below-cut,"books,web,subtlex",alternate_hands
gq,649,0.00000012,608,0.00001038,,0.00000000,,below-cut,"books,web,subtlex",same_hand_different_fingers
jw,611,0.00000041,642,0.00000523,,0.00000000,,below-cut,"books,web,subtlex",alternate_hands
qc,612,0.00000040,619,0.00000785,,0.00000000,,below-cut,"books,web,subtlex",same_hand_different_fingers
fq,667,0.00000005,614,0.00000895,,0.00000000,,below-cut,"books,web,subtlex",same_hand_different_fingers
qb,615,0.00000038,655,0.00000376,,0.00000000,,below-cut,"books,web,subtlex",same_hand_different_fingers
gx,638,0.00000020,617,0.00000842,,0.00000000,,below-cut,"books,web,subtlex",same_hand_different_fingers
hx,654,0.00000009,621,0.00000744,,0.00000000,,below-cut,"books,web,subtlex",alternate_hands
qf,622,0.00000034,627,0.00000637,,0.00000000,,below-cut,"books,web,subtlex",same_hand_different_fingers
vx,645,0.00000016,623,0.00000717,,0.00000000,,below-cut,"books,web,subtlex",same_hand_different_fingers
zq,624,0.00000032,673,0.00000092,,0.00000000,,below-cut,"books,web,subtlex",same_finger_different_key
zf,635,0.00000022,624,0.00000681,,0.00000000,,below-cut,"books,web,subtlex",same_hand_different_fingers
vj,632,0.00000026,663,0.00000231,,0.00000000,,below-cut,"books,web,subtlex",alternate_hands
xk,652,0.00000010,633,0.00000584,,0.00000000,,below-cut,"books,web,subtlex",alternate_hands
qw,662,0.00000006,634,0.00000580,,0.00000000,,below-cut,"books,web,subtlex",same_hand_different_fingers
kq,660,0.00000007,637,0.00000555,,0.00000000,,below-cut,"books,web,subtlex",alternate_hands
kx,639,0.00000020,641,0.00000530,,0.00000000,,below-cut,"books,web,subtlex",alternate_hands
qp,653,0.00000010,640,0.00000537,,0.00000000,,below-cut,"books,web,subtlex",alternate_hands
qd,641,0.00000018,650,0.00000426,,0.00000000,,below-cut,"books,web,subtlex",same_hand_different_fingers
xj,642,0.00000018,646,0.00000453,,0.00000000,,below-cut,"books,web,subtlex",alternate_hands
vz,644,0.00000018,670,0.00000114,,0.00000000,,below-cut,"books,web,subtlex",same_hand_different_fingers
kz,665,0.00000005,644,0.00000510,,0.00000000,,below-cut,"books,web,subtlex",alternate_hands
zj,651,0.00000011,645,0.00000470,,0.00000000,,below-cut,"books,web,subtlex",alternate_hands
qh,656,0.00000009,647,0.00000439,,0.00000000,,below-cut,"books,web,subtlex",alternate_hands
bq,648,0.00000012,651,0.00000409,,0.00000000,,below-cut,"books,web,subtlex",same_hand_different_fingers
vk,650,0.00000012,658,0.00000324,,0.00000000,,below-cut,"books,web,subtlex",alternate_hands
wq,,0.00000000,652,0.00000409,,0.00000000,,below-cut,"books,web,subtlex",same_hand_different_fingers
qj,657,0.00000008,671,0.00000104,,0.00000000,,below-cut,"books,web,subtlex",alternate_hands
xz,668,0.00000005,657,0.00000351,,0.00000000,,below-cut,"books,web,subtlex",same_hand_different_fingers
jz,658,0.00000008,668,0.00000121,,0.00000000,,below-cut,"books,web,subtlex",alternate_hands
vq,659,0.00000008,666,0.00000129,,0.00000000,,below-cut,"books,web,subtlex",same_hand_different_fingers
zx,669,0.00000004,661,0.00000241,,0.00000000,,below-cut,"books,web,subtlex",same_hand_different_fingers
jx,663,0.00000006,674,0.00000085,,0.00000000,,below-cut,"books,web,subtlex",alternate_hands
qx,664,0.00000006,669,0.00000115,,0.00000000,,below-cut,"books,web,subtlex",same_hand_different_fingers
qg,,0.00000000,664,0.00000229,,0.00000000,,below-cut,"books,web,subtlex",same_hand_different_fingers
qk,,0.00000000,667,0.00000122,,0.00000000,,below-cut,"books,web,subtlex",alternate_hands
qy,,0.00000000,672,0.00000103,,0.00000000,,below-cut,"books,web,subtlex",alternate_hands
qz,,0.00000000,675,0.00000064,,0.00000000,,below-cut,"books,web,subtlex",same_finger_different_key
jq,,0.00000000,676,0.00000043,,0.00000000,,below-cut,"books,web,subtlex",alternate_hands
