rank,bigram,count,share_of_all_bigrams,movement_class,row_change,from_hand,from_finger,from_row,to_hand,to_finger,to_row
1,th,100272945963,0.035562033867788265,alternate_hands,True,L,index,top,R,index,home
2,he,86697336727,0.030747412428375958,alternate_hands,True,R,index,home,L,middle,top
3,in,68595215308,0.024327452898924896,same_hand_different_fingers,True,R,middle,top,R,index,bottom
4,er,57754162106,0.020482648127014873,same_hand_different_fingers,False,L,middle,top,L,index,top
5,an,55974567611,0.019851510793865493,alternate_hands,True,L,pinky,home,R,index,bottom
6,re,52285662239,0.018543231910521065,same_hand_different_fingers,False,L,index,top,L,middle,top
7,on,49570981965,0.01758046422760261,same_hand_different_fingers,True,R,ring,top,R,index,bottom
8,at,41920838452,0.014867323009999081,same_hand_different_fingers,True,L,pinky,home,L,index,top
9,en,41004903554,0.014542484564787907,alternate_hands,True,L,middle,top,R,index,bottom
10,nd,38129777631,0.013522814458699572,alternate_hands,True,R,index,bottom,L,middle,home
11,ti,37856196209,0.013425788170089764,alternate_hands,False,L,index,top,R,middle,top
12,es,37766388079,0.013393937507580644,same_hand_different_fingers,True,L,middle,top,L,ring,home
13,or,35994097756,0.012765390616045856,alternate_hands,False,R,ring,top,L,index,top
14,te,33973261529,0.012048696340679248,same_hand_different_fingers,False,L,index,top,L,middle,top
15,of,33130341561,0.011749752810478072,alternate_hands,True,R,ring,top,L,index,home
16,ed,32937140633,0.011681233651308664,same_finger_different_key,True,L,middle,top,L,middle,home
17,is,31817918249,0.01128429882563713,alternate_hands,True,R,middle,top,L,ring,home
18,it,31672532308,0.011232737362990464,alternate_hands,False,R,middle,top,L,index,top
19,al,30662410438,0.010874495288754523,alternate_hands,False,L,pinky,home,R,ring,home
20,ar,30308513014,0.010748984742942346,same_hand_different_fingers,True,L,pinky,home,L,index,top
21,st,29704461829,0.010534756583067857,same_hand_different_fingers,True,L,ring,home,L,index,top
22,to,29360205581,0.010412665302782832,alternate_hands,False,L,index,top,R,ring,top
23,nt,29359771944,0.010412511512410641,alternate_hands,True,R,index,bottom,L,index,top
24,ng,26871805511,0.009530148421324101,alternate_hands,True,R,index,bottom,L,index,home
25,se,26282488562,0.009321145792569853,same_hand_different_fingers,True,L,ring,home,L,middle,top
26,ha,26103411208,0.009257635591819875,alternate_hands,False,R,index,home,L,pinky,home
27,as,24561944198,0.008710950725934656,same_hand_different_fingers,False,L,pinky,home,L,ring,home
28,ou,24531132241,0.008700023193609326,same_hand_different_fingers,False,R,ring,top,R,index,top
29,io,23542263265,0.008349318507738292,same_hand_different_fingers,False,R,middle,top,R,ring,top
30,le,23382173640,0.008292542349309354,alternate_hands,True,R,ring,home,L,middle,top
31,ve,23270129573,0.008252805659945416,same_hand_different_fingers,True,L,index,bottom,L,middle,top
32,co,22384167777,0.00793859724517974,alternate_hands,True,L,middle,bottom,R,ring,top
33,me,22360109325,0.007930064859134691,alternate_hands,True,R,index,bottom,L,middle,top
34,de,21565300071,0.007648183905725693,same_finger_different_key,True,L,middle,home,L,middle,top
35,hi,21520845924,0.0076324181389379,same_hand_different_fingers,True,R,index,home,R,middle,top
36,ri,20516398905,0.007276188663828457,alternate_hands,False,L,index,top,R,middle,top
37,ro,20491179118,0.007267244407620373,alternate_hands,False,L,index,top,R,ring,top
38,ic,19701195496,0.0069870748758413,alternate_hands,True,R,middle,top,L,middle,bottom
39,ne,19504235770,0.006917222650205216,alternate_hands,True,R,index,bottom,L,middle,top
40,ea,19403941063,0.006881652898734964,same_hand_different_fingers,True,L,middle,top,L,pinky,home
41,ra,19332539912,0.006856330314206551,same_hand_different_fingers,True,L,index,top,L,pinky,home
42,ce,18367773425,0.006514173632205198,same_finger_different_key,True,L,middle,bottom,L,middle,top
43,li,17604626629,0.0062435218432823885,same_hand_different_fingers,True,R,ring,home,R,middle,top
44,ch,16854985236,0.005977659776993852,alternate_hands,True,L,middle,bottom,R,index,home
45,ll,16257360474,0.00576571076300642,same_key,False,R,ring,home,R,ring,home
46,be,16249257887,0.005762837161652202,same_hand_different_fingers,True,L,index,bottom,L,middle,top
47,ma,15938689768,0.0056526934547922415,alternate_hands,True,R,index,bottom,L,pinky,home
48,si,15509759748,0.00550057242402309,alternate_hands,True,L,ring,home,R,middle,top
49,om,15402602484,0.005462568850726722,same_hand_different_fingers,True,R,ring,top,R,index,bottom
50,ur,15303657594,0.005427477814999868,alternate_hands,False,R,index,top,L,index,top
51,ca,15174413181,0.005381640982859478,same_hand_different_fingers,True,L,middle,bottom,L,pinky,home
52,el,14952716079,0.0053030155892002185,alternate_hands,True,L,middle,top,R,ring,home
53,ta,14941000711,0.005298860706648515,same_hand_different_fingers,True,L,index,top,L,pinky,home
54,la,14874551789,0.005275294441670981,alternate_hands,False,R,ring,home,L,pinky,home
55,ns,14350320288,0.005089374518664006,alternate_hands,True,R,index,bottom,L,ring,home
56,di,13899990598,0.0049296640450796365,alternate_hands,True,L,middle,home,R,middle,top
57,fo,13753006196,0.004877535684515768,alternate_hands,True,L,index,home,R,ring,top
58,ho,13672603513,0.004849020685694829,same_hand_different_fingers,True,R,index,home,R,ring,top
59,pe,13477683504,0.004779891850444238,alternate_hands,False,R,pinky,top,L,middle,top
60,ec,13457763533,0.004772827186326274,same_finger_different_key,True,L,middle,top,L,middle,bottom
61,pr,13378480175,0.00474470915872401,alternate_hands,False,R,pinky,top,L,index,top
62,no,13099447521,0.004645749577986965,same_hand_different_fingers,True,R,index,bottom,R,ring,top
63,ct,12997849406,0.004609717569833274,same_hand_different_fingers,True,L,middle,bottom,L,index,top
64,us,12808517567,0.004542570592090613,alternate_hands,True,R,index,top,L,ring,home
65,ac,12625666388,0.004477721995513402,same_hand_different_fingers,True,L,pinky,home,L,middle,bottom
66,ot,12465822481,0.004421032981545556,alternate_hands,False,R,ring,top,L,index,top
67,il,12167821320,0.004315346175614546,same_hand_different_fingers,True,R,middle,top,R,ring,home
68,tr,12006693396,0.004258201782026581,same_finger_different_key,False,L,index,top,L,index,top
69,ly,11983948242,0.0042501351601765104,same_hand_different_fingers,True,R,ring,home,R,index,top
70,nc,11722631112,0.004157458431293705,alternate_hands,False,R,index,bottom,L,middle,bottom
71,et,11634161334,0.004126082418439024,same_hand_different_fingers,False,L,middle,top,L,index,top
72,ut,11423899818,0.004051512681993427,alternate_hands,False,R,index,top,L,index,top
73,ss,11421755201,0.004050752088578574,same_key,False,L,ring,home,L,ring,home
74,so,11214705934,0.003977321583723639,alternate_hands,True,L,ring,home,R,ring,top
75,rs,11180732354,0.003965272774436477,same_hand_different_fingers,True,L,index,top,L,ring,home
76,un,11121118166,0.003944130463793296,same_finger_different_key,True,R,index,top,R,index,bottom
77,lo,10908830081,0.0038688419999310334,same_finger_different_key,True,R,ring,home,R,ring,top
78,wa,10865206430,0.0038533707704842494,same_hand_different_fingers,True,L,ring,top,L,pinky,home
79,ge,10861045622,0.0038518951302346054,same_hand_different_fingers,True,L,index,home,L,middle,top
80,ie,10845731320,0.003846463877356222,alternate_hands,False,R,middle,top,L,middle,top
81,wh,10680697684,0.0037879343139092495,alternate_hands,True,L,ring,top,R,index,home
82,ee,10647199443,0.0037760540847057225,same_key,False,L,middle,top,L,middle,top
83,wi,10557401491,0.003744207031848012,alternate_hands,False,L,ring,top,R,middle,top
84,em,10536054813,0.003736636382769038,alternate_hands,True,L,middle,top,R,index,bottom
85,ad,10375130449,0.0036795641822092583,same_hand_different_fingers,False,L,pinky,home,L,middle,home
86,ol,10305660447,0.0036549264841722333,same_finger_different_key,True,R,ring,top,R,ring,home
87,rt,10198055461,0.0036167641252256148,same_finger_different_key,False,L,index,top,L,index,top
88,po,10189505383,0.003613731820145834,same_hand_different_fingers,False,R,pinky,top,R,ring,top
89,we,10176141608,0.0036089923262116784,same_hand_different_fingers,False,L,ring,top,L,middle,top
90,na,9790855551,0.003472349728587426,alternate_hands,True,R,index,bottom,L,pinky,home
91,ul,9751225781,0.0034582949383408857,same_hand_different_fingers,True,R,index,top,R,ring,home
92,ni,9564648232,0.0033921247759627383,same_hand_different_fingers,True,R,index,bottom,R,middle,top
93,ts,9516029773,0.0033748821262235386,same_hand_different_fingers,True,L,index,top,L,ring,home
94,mo,9498813191,0.0033687762253118664,same_hand_different_fingers,True,R,index,bottom,R,ring,top
95,ow,9318366591,0.0033047804182783813,alternate_hands,False,R,ring,top,L,ring,top
96,pa,9123652775,0.0032357247098555595,alternate_hands,True,R,pinky,top,L,pinky,home
97,im,8959759181,0.0031775994649595714,same_hand_different_fingers,True,R,middle,top,R,index,bottom
98,mi,8957825538,0.0031769136939652737,same_hand_different_fingers,True,R,index,bottom,R,middle,top
99,ai,8922759715,0.003164477518153824,alternate_hands,True,L,pinky,home,R,middle,top
100,sh,8888705287,0.0031524000359351304,alternate_hands,False,L,ring,home,R,index,home
101,ir,8886799024,0.0031517239753216133,alternate_hands,False,R,middle,top,L,index,top
102,su,8774129154,0.0031117653434659404,alternate_hands,True,L,ring,home,R,index,top
103,id,8332214014,0.002955039109640445,alternate_hands,True,R,middle,top,L,middle,home
104,os,8176085241,0.002899667676599962,alternate_hands,True,R,ring,top,L,ring,home
105,iv,8116349309,0.0028784821891635827,alternate_hands,True,R,middle,top,L,index,bottom
106,ia,8072199471,0.0028628243462715157,alternate_hands,True,R,middle,top,L,pinky,home
107,am,8032259916,0.0028486596900530927,alternate_hands,True,L,pinky,home,R,index,bottom
108,fi,8024355222,0.002845856271912309,alternate_hands,True,L,index,home,R,middle,top
109,ci,7936922442,0.0028148480328139764,alternate_hands,True,L,middle,bottom,R,middle,top
110,vi,7600241898,0.0026954434935998663,alternate_hands,True,L,index,bottom,R,middle,top
111,pl,7415349106,0.002629870834216346,same_hand_different_fingers,True,R,pinky,top,R,ring,home
112,ig,7189051323,0.002549613798323326,alternate_hands,True,R,middle,top,L,index,home
113,tu,7187510085,0.0025490671946763704,alternate_hands,False,L,index,top,R,index,top
114,ev,7184041787,0.0025478371547114024,same_hand_different_fingers,True,L,middle,top,L,index,bottom
115,ld,7122648226,0.002526063785288789,alternate_hands,False,R,ring,home,L,middle,home
116,ry,6985436186,0.0024774012156725655,alternate_hands,False,L,index,top,R,index,top
117,mp,6743935008,0.002391752260327065,same_hand_different_fingers,True,R,index,bottom,R,pinky,top
118,fe,6670566518,0.002365731954439461,same_hand_different_fingers,True,L,index,home,L,middle,top
119,bl,6581097936,0.002334001713419505,alternate_hands,True,L,index,bottom,R,ring,home
120,ab,6479202253,0.0022978641720814404,same_hand_different_fingers,True,L,pinky,home,L,index,bottom
121,gh,6414827751,0.0022750336049891886,alternate_hands,False,L,index,home,R,index,home
122,ty,6408447994,0.0022727710093077376,alternate_hands,False,L,index,top,R,index,top
123,op,6313536754,0.002239110516949617,same_hand_different_fingers,False,R,ring,top,R,pinky,top
124,wo,6252724050,0.0022175431498151384,alternate_hands,False,L,ring,top,R,ring,top
125,sa,6147356936,0.0021801744573863575,same_hand_different_fingers,False,L,ring,home,L,pinky,home
126,ay,6128842727,0.0021736083500363624,alternate_hands,True,L,pinky,home,R,index,top
127,ex,6035335807,0.0021404459030375522,same_hand_different_fingers,True,L,middle,top,L,ring,bottom
128,ke,6027536039,0.0021376796971470896,alternate_hands,True,R,middle,home,L,middle,top
129,fr,6011200185,0.0021318861484722396,same_finger_different_key,True,L,index,home,L,index,top
130,oo,5928601045,0.0021025921710596876,same_key,False,R,ring,top,R,ring,top
131,av,5778409728,0.002049326470620682,same_hand_different_fingers,True,L,pinky,home,L,index,bottom
132,ag,5772552144,0.0020472490648100632,same_hand_different_fingers,False,L,pinky,home,L,index,home
133,if,5731148470,0.002032565155377681,alternate_hands,True,R,middle,top,L,index,home
134,ap,5719570727,0.002028459081852819,alternate_hands,True,L,pinky,home,R,pinky,top
135,gr,5548472398,0.0019677786609059254,same_finger_different_key,True,L,index,home,L,index,top
136,od,5511014957,0.0019544942921995924,alternate_hands,True,R,ring,top,L,middle,home
137,bo,5509918152,0.001954105307751377,alternate_hands,True,L,index,bottom,R,ring,top
138,sp,5392724233,0.0019125422113792543,alternate_hands,True,L,ring,home,R,pinky,top
139,rd,5338083783,0.001893163848503906,same_hand_different_fingers,True,L,index,top,L,middle,home
140,do,5307591560,0.0018823497105864835,alternate_hands,True,L,middle,home,R,ring,top
141,uc,5291161134,0.0018765226217315315,alternate_hands,True,R,index,top,L,middle,bottom
142,bu,5214802738,0.001849441938716155,alternate_hands,True,L,index,bottom,R,index,top
143,ei,5169898489,0.0018335165422055663,alternate_hands,False,L,middle,top,R,middle,top
144,ov,5021440160,0.0017808654499976906,alternate_hands,True,R,ring,top,L,index,bottom
145,by,4975814759,0.001764684295250406,alternate_hands,True,L,index,bottom,R,index,top
146,rm,4938158020,0.001751329245044116,alternate_hands,True,L,index,top,R,index,bottom
147,ep,4837800987,0.001715737389512778,alternate_hands,False,L,middle,top,R,pinky,top
148,tt,4812693687,0.0017068330270812787,same_key,False,L,index,top,L,index,top
149,oc,4692062395,0.0016640508583674763,alternate_hands,True,R,ring,top,L,middle,bottom
150,fa,4624241031,0.0016399978536375908,same_hand_different_fingers,False,L,index,home,L,pinky,home
151,ef,4588497002,0.0016273211504883858,same_hand_different_fingers,True,L,middle,top,L,index,home
152,cu,4585165906,0.0016261397695323246,alternate_hands,True,L,middle,bottom,R,index,top
153,rn,4521640992,0.0016036105108033557,alternate_hands,True,L,index,top,R,index,bottom
154,sc,4363410770,0.0015474937939797774,same_hand_different_fingers,True,L,ring,home,L,middle,bottom
155,gi,4275639800,0.001516365615010144,alternate_hands,True,L,index,home,R,middle,top
156,da,4259590348,0.0015106736394717565,same_hand_different_fingers,False,L,middle,home,L,pinky,home
157,yo,4226720021,0.0014990161014310313,same_hand_different_fingers,False,R,index,top,R,ring,top
158,cr,4214150542,0.0014945583064235584,same_hand_different_fingers,True,L,middle,bottom,L,index,top
159,cl,4201617719,0.0014901135115518744,alternate_hands,True,L,middle,bottom,R,ring,home
160,du,4186093215,0.0014846077100445331,alternate_hands,True,L,middle,home,R,index,top
161,ga,4175274057,0.0014807706704570165,same_hand_different_fingers,False,L,index,home,L,pinky,home
162,qu,4160167957,0.0014754132569029317,alternate_hands,False,L,pinky,top,R,index,top
163,ue,4158448570,0.001474803472298135,alternate_hands,False,R,index,top,L,middle,top
164,ff,4125634219,0.0014631657862762036,same_key,False,L,index,home,L,index,home
165,ba,4122472992,0.0014620446497566957,same_hand_different_fingers,True,L,index,bottom,L,pinky,home
166,ey,4053144855,0.0014374572644723898,alternate_hands,False,L,middle,top,R,index,top
167,ls,3990203351,0.0014151349134589523,alternate_hands,False,R,ring,home,L,ring,home
168,va,3946966167,0.0013998007454339783,same_hand_different_fingers,True,L,index,bottom,L,pinky,home
169,um,3901923211,0.001383826156162727,same_finger_different_key,True,R,index,top,R,index,bottom
170,pp,3850125519,0.0013654559840341753,same_key,False,R,pinky,top,R,pinky,top
171,ua,3844138094,0.001363332529810447,alternate_hands,True,R,index,top,L,pinky,home
172,up,3835093459,0.001360124828938564,same_hand_different_fingers,False,R,index,top,R,pinky,top
173,lu,3811884104,0.001351893577122505,same_hand_different_fingers,True,R,ring,home,R,index,top
174,go,3725558729,0.0013212780817870803,alternate_hands,True,L,index,home,R,ring,top
175,ht,3670802795,0.0013018587622421166,alternate_hands,True,R,index,home,L,index,top
176,ru,3618438291,0.001283287568917398,alternate_hands,False,L,index,top,R,index,top
177,ug,3606562400,0.001279075756509812,alternate_hands,True,R,index,top,L,index,home
178,ds,3560125353,0.0012626067496179288,same_hand_different_fingers,False,L,middle,home,L,ring,home
179,lt,3486149365,0.001236370993149481,alternate_hands,True,R,ring,home,L,index,top
180,pi,3470838749,0.001230941047519584,same_hand_different_fingers,False,R,pinky,top,R,middle,top
181,rc,3422694015,0.0012138664054551589,same_hand_different_fingers,True,L,index,top,L,middle,bottom
182,rr,3404547067,0.0012074305480743342,same_key,False,L,index,top,L,index,top
183,eg,3370515965,0.0011953613384758778,same_hand_different_fingers,True,L,middle,top,L,index,home
184,au,3356322923,0.0011903277430684266,alternate_hands,True,L,pinky,home,R,index,top
185,ck,3316660134,0.0011762612425566196,alternate_hands,True,L,middle,bottom,R,middle,home
186,ew,3293529190,0.0011680577993843661,same_hand_different_fingers,False,L,middle,top,L,ring,top
187,mu,3231856188,0.001146185325560156,same_finger_different_key,True,R,index,bottom,R,index,top
188,br,3145611704,0.0011155985184063137,same_finger_different_key,True,L,index,bottom,L,index,top
189,bi,3005679357,0.0010659711855756885,alternate_hands,True,L,index,bottom,R,middle,top
190,pt,2982699529,0.0010578213360448539,alternate_hands,False,R,pinky,top,L,index,top
191,ak,2952167845,0.0010469932031918583,alternate_hands,False,L,pinky,home,R,middle,home
192,pu,2947681332,0.001045402050905247,same_hand_different_fingers,False,R,pinky,top,R,index,top
193,ui,2852182384,0.0010115331265358833,same_hand_different_fingers,False,R,index,top,R,middle,top
194,rg,2813274913,0.0009977345013122607,same_finger_different_key,True,L,index,top,L,index,home
195,ib,2780268452,0.0009860286830313163,alternate_hands,True,R,middle,top,L,index,bottom
196,tl,2775935006,0.0009844918163128189,alternate_hands,True,L,index,top,R,ring,home
197,ny,2760941827,0.0009791744504544292,same_finger_different_key,True,R,index,bottom,R,index,top
198,ki,2759841743,0.0009787843031012254,same_finger_different_key,True,R,middle,home,R,middle,top
199,rk,2736041446,0.0009703434723282896,alternate_hands,True,L,index,top,R,middle,home
200,ys,2730343336,0.0009683226243432593,alternate_hands,True,R,index,top,L,ring,home
201,ob,2725791138,0.0009667081767183874,alternate_hands,True,R,ring,top,L,index,bottom
202,mm,2708822249,0.0009606901207061564,same_key,False,R,index,bottom,R,index,bottom
203,fu,2706168901,0.0009597491046570832,alternate_hands,True,L,index,home,R,index,top
204,ph,2661480326,0.0009439001974329991,same_hand_different_fingers,True,R,pinky,top,R,index,home
205,og,2651165734,0.0009402421033527496,alternate_hands,True,R,ring,top,L,index,home
206,ms,2617582287,0.0009283316556428383,alternate_hands,True,R,index,bottom,L,ring,home
207,ye,2612941418,0.0009266857606412607,alternate_hands,False,R,index,top,L,middle,top
208,ud,2577213760,0.0009140148635053416,alternate_hands,True,R,index,top,L,middle,home
209,mb,2544901434,0.0009025552218191082,alternate_hands,False,R,index,bottom,L,index,bottom
210,ip,2515455253,0.0008921120651337005,same_hand_different_fingers,False,R,middle,top,R,pinky,top
211,ub,2497666762,0.0008858033353629379,alternate_hands,True,R,index,top,L,index,bottom
212,oi,2474275212,0.0008775074676657127,same_hand_different_fingers,False,R,ring,top,R,middle,top
213,rl,2432373251,0.0008626468395880397,alternate_hands,True,L,index,top,R,ring,home
214,gu,2418410978,0.0008576950869440064,alternate_hands,True,L,index,home,R,index,top
215,dr,2409399231,0.0008544990498779348,same_hand_different_fingers,True,L,middle,home,L,index,top
216,hr,2379584978,0.0008439253556003175,alternate_hands,True,R,index,home,L,index,top
217,cc,2344219345,0.0008313828514739717,same_key,False,L,middle,bottom,L,middle,bottom
218,tw,2322619238,0.0008237223232097947,same_hand_different_fingers,False,L,index,top,L,ring,top
219,ft,2302659749,0.000816643643941075,same_finger_different_key,True,L,index,home,L,index,top
220,wn,2227183930,0.0007898759689146779,alternate_hands,True,L,ring,top,R,index,bottom
221,nu,2217508482,0.0007864445487428901,same_finger_different_key,True,R,index,bottom,R,index,top
222,af,2092395523,0.000742072946387665,same_hand_different_fingers,False,L,pinky,home,L,index,home
223,hu,2077887429,0.0007369276170545124,same_finger_different_key,True,R,index,home,R,index,top
224,nn,2051719074,0.0007276469489955757,same_key,False,R,index,bottom,R,index,bottom
225,eo,2044268477,0.0007250045774136436,alternate_hands,False,L,middle,top,R,ring,top
226,vo,2004982879,0.0007110718485686386,alternate_hands,True,L,index,bottom,R,ring,top
227,rv,1953555667,0.000692833068035106,same_finger_different_key,True,L,index,top,L,index,bottom
228,nf,1894270041,0.0006718072826705972,alternate_hands,True,R,index,bottom,L,index,home
229,xp,1885334638,0.000668638321181966,alternate_hands,True,L,ring,bottom,R,pinky,top
230,gn,1850801359,0.0006563910133406573,alternate_hands,True,L,index,home,R,index,bottom
231,sm,1838392669,0.0006519902425265863,alternate_hands,True,L,ring,home,R,index,bottom
232,fl,1830098844,0.0006490488181701867,alternate_hands,False,L,index,home,R,ring,home
233,iz,1814164135,0.0006433975365040388,alternate_hands,True,R,middle,top,L,pinky,bottom
234,ok,1813376076,0.0006431180495439353,same_hand_different_fingers,True,R,ring,top,R,middle,home
235,nl,1798491132,0.000637839069480425,same_hand_different_fingers,True,R,index,bottom,R,ring,home
236,my,1753447198,0.0006218641333591955,same_finger_different_key,True,R,index,bottom,R,index,top
237,gl,1709752272,0.0006063676260676287,alternate_hands,False,L,index,home,R,ring,home
238,aw,1689436638,0.0005991626391450328,same_hand_different_fingers,True,L,pinky,home,L,ring,top
239,ju,1655210582,0.0005870242886563383,same_finger_different_key,True,R,index,home,R,index,top
240,oa,1620913259,0.00057486066316008,alternate_hands,True,R,ring,top,L,pinky,home
241,eq,1614312175,0.0005725195733425061,same_hand_different_fingers,False,L,middle,top,L,pinky,top
242,sy,1602829285,0.000568447139655051,alternate_hands,True,L,ring,home,R,index,top
243,sl,1575646777,0.0005588067998722335,alternate_hands,False,L,ring,home,R,ring,home
244,ps,1538723474,0.0005457118644518548,alternate_hands,True,R,pinky,top,L,ring,home
245,jo,1516687319,0.0005378966907487205,same_hand_different_fingers,True,R,index,home,R,ring,top
246,lf,1507867867,0.0005347688515523429,alternate_hands,False,R,ring,home,L,index,home
247,nv,1466426243,0.0005200714830640574,alternate_hands,False,R,index,bottom,L,index,bottom
248,je,1463052212,0.0005188748751102307,alternate_hands,True,R,index,home,L,middle,top
249,nk,1455100124,0.0005160546485769444,same_hand_different_fingers,True,R,index,bottom,R,middle,home
250,kn,1450401608,0.0005143883089325302,same_hand_different_fingers,True,R,middle,home,R,index,bottom
251,gs,1443474876,0.0005119317272931717,same_hand_different_fingers,False,L,index,home,L,ring,home
252,dy,1421751251,0.0005042273930825643,alternate_hands,True,L,middle,home,R,index,top
253,hy,1412343465,0.000500890899862585,same_finger_different_key,True,R,index,home,R,index,top
254,ze,1402290616,0.0004973256335470059,same_hand_different_fingers,True,L,pinky,bottom,L,middle,top
255,ks,1339590722,0.0004750889700828898,alternate_hands,False,R,middle,home,L,ring,home
256,xt,1315669490,0.0004666052494304905,same_hand_different_fingers,True,L,ring,bottom,L,index,top
257,bs,1292319275,0.00045832404128730357,same_hand_different_fingers,True,L,index,bottom,L,ring,home
258,ik,1209994695,0.0004291274372183285,same_finger_different_key,True,R,middle,top,R,middle,home
259,dd,1205446875,0.00042751454226135495,same_key,False,L,middle,home,L,middle,home
260,cy,1176324279,0.0004171861457499762,alternate_hands,True,L,middle,bottom,R,index,top
261,rp,1173542093,0.00041619943700407986,alternate_hands,False,L,index,top,R,pinky,top
262,sk,1112771273,0.0003946469241277682,alternate_hands,False,L,ring,home,R,middle,home
263,xi,1111463633,0.00039418316655567056,alternate_hands,True,L,ring,bottom,R,middle,top
264,oe,1089254517,0.00038630665183098036,alternate_hands,False,R,ring,top,L,middle,top
265,oy,1020190223,0.00036181283908123666,same_hand_different_fingers,False,R,ring,top,R,index,top
266,ws,989253674,0.00035084111991287353,same_finger_different_key,True,L,ring,top,L,ring,home
267,lv,984229060,0.0003490591288531265,alternate_hands,True,R,ring,home,L,index,bottom
268,dl,911886482,0.00032340266504614503,alternate_hands,False,L,middle,home,R,ring,home
269,rf,909634941,0.000322604150785616,same_finger_different_key,True,L,index,top,L,index,home
270,eu,878402090,0.00031152734742272863,alternate_hands,False,L,middle,top,R,index,top
271,dg,874188188,0.0003100328772623043,same_hand_different_fingers,False,L,middle,home,L,index,home
272,wr,867361010,0.00030761160268095306,same_hand_different_fingers,False,L,ring,top,L,index,top
273,xa,834649781,0.00029601048911654044,same_hand_different_fingers,True,L,ring,bottom,L,pinky,home
274,yi,812619095,0.00028819725500699606,same_hand_different_fingers,False,R,index,top,R,middle,top
275,nm,782441941,0.00027749485704436466,same_finger_different_key,False,R,index,bottom,R,index,bottom
276,eb,763383542,0.0002707357514431997,same_hand_different_fingers,True,L,middle,top,L,index,bottom
277,rb,753194669,0.00026712224389915793,same_finger_different_key,True,L,index,top,L,index,bottom
278,tm,746621025,0.0002647908857415045,alternate_hands,True,L,index,top,R,index,bottom
279,xc,746076293,0.000264597695268772,same_hand_different_fingers,False,L,ring,bottom,L,middle,bottom
280,eh,742240059,0.00026323716594431096,alternate_hands,True,L,middle,top,R,index,home
281,tc,736955048,0.00026136282448192903,same_hand_different_fingers,True,L,index,top,L,middle,bottom
282,gy,731420025,0.0002593998156813537,alternate_hands,True,L,index,home,R,index,top
283,ja,729206855,0.00025861490978535843,alternate_hands,False,R,index,home,L,pinky,home
284,hn,726288117,0.0002575797725545694,same_finger_different_key,True,R,index,home,R,index,bottom
285,yp,702499946,0.0002491432422957806,same_hand_different_fingers,False,R,index,top,R,pinky,top
286,za,702199296,0.00024903661607292787,same_finger_different_key,True,L,pinky,bottom,L,pinky,home
287,gg,697999944,0.00024754730610389725,same_key,False,L,index,home,L,index,home
288,ym,667551857,0.00023674882112168774,same_finger_different_key,True,R,index,top,R,index,bottom
289,sw,663415953,0.00023528201313365683,same_finger_different_key,True,L,ring,home,L,ring,top
290,bj,654853039,0.00023224515573657463,alternate_hands,True,L,index,bottom,R,index,home
291,lm,649112313,0.00023020919388787198,same_hand_different_fingers,True,R,ring,home,R,index,bottom
292,cs,643530723,0.00022822966999227055,same_hand_different_fingers,True,L,middle,bottom,L,ring,home
293,ii,642384029,0.00022782299229399052,same_key,False,R,middle,top,R,middle,top
294,ix,621227893,0.0002203199193791771,alternate_hands,True,R,middle,top,L,ring,bottom
295,xe,614533122,0.00021794560324881292,same_hand_different_fingers,True,L,ring,bottom,L,middle,top
296,oh,602121281,0.00021354371492525182,same_hand_different_fingers,True,R,ring,top,R,index,home
297,lk,555883002,0.00019714520156759115,same_hand_different_fingers,False,R,ring,home,R,middle,home
298,dv,537221821,0.00019052697025543044,same_hand_different_fingers,True,L,middle,home,L,index,bottom
299,lp,536595562,0.00019030486604223394,same_hand_different_fingers,True,R,ring,home,R,pinky,top
300,ax,531206960,0.0001883937857903907,same_hand_different_fingers,True,L,pinky,home,L,ring,bottom
301,ox,523764012,0.0001857541269441267,alternate_hands,True,R,ring,top,L,ring,bottom
302,uf,522547858,0.00018532281509504224,alternate_hands,True,R,index,top,L,index,home
303,dm,512522701,0.00018176736981177067,alternate_hands,True,L,middle,home,R,index,bottom
304,iu,490874936,0.0001740899395268762,same_hand_different_fingers,False,R,middle,top,R,index,top
305,sf,483979931,0.00017164460994197454,same_hand_different_fingers,False,L,ring,home,L,index,home
306,bt,482272940,0.00017103922160745399,same_finger_different_key,True,L,index,bottom,L,index,top
307,ka,478095427,0.0001695576568906465,alternate_hands,False,R,middle,home,L,pinky,home
308,yt,470429861,0.00016683904605210232,alternate_hands,False,R,index,top,L,index,top
309,ek,464449289,0.00016471802226078754,alternate_hands,True,L,middle,top,R,middle,home
310,pm,449910017,0.0001595616355773069,same_hand_different_fingers,True,R,pinky,top,R,index,bottom
311,ya,444542870,0.00015765816439119228,alternate_hands,True,R,index,top,L,pinky,home
312,gt,434302509,0.0001540263965080112,same_finger_different_key,True,L,index,home,L,index,top
313,wl,429185823,0.00015221175189898594,alternate_hands,True,L,ring,top,R,ring,home
314,rh,426095630,0.00015111580775304897,alternate_hands,True,L,index,top,R,index,home
315,yl,416082307,0.00014756455942544424,same_hand_different_fingers,True,R,index,top,R,ring,home
316,hs,414044112,0.00014684170882079659,alternate_hands,False,R,index,home,L,ring,home
317,ah,384694919,0.0001364329491555188,alternate_hands,False,L,pinky,home,R,index,home
318,yc,380670476,0.00013500567107078203,alternate_hands,True,R,index,top,L,middle,bottom
319,yn,372595315,0.00013214179641135189,same_finger_different_key,True,R,index,top,R,index,bottom
320,rw,359714599,0.00012757362047681434,same_hand_different_fingers,False,L,index,top,L,ring,top
321,hm,359316447,0.0001274324149425344,same_finger_different_key,True,R,index,home,R,index,bottom
322,lw,356374125,0.0001263889135912073,alternate_hands,True,R,ring,home,L,ring,top
323,hl,355049620,0.00012591917480757334,same_hand_different_fingers,False,R,index,home,R,ring,home
324,ae,349540062,0.00012396519722856773,same_hand_different_fingers,True,L,pinky,home,L,middle,top
325,zi,341671190,0.00012117448344352996,alternate_hands,True,L,pinky,bottom,R,middle,top
326,az,334669428,0.00011869129223989193,same_finger_different_key,True,L,pinky,home,L,pinky,bottom
327,lc,333338045,0.00011821911415753592,alternate_hands,True,R,ring,home,L,middle,bottom
328,py,331698156,0.00011763752370362693,same_hand_different_fingers,False,R,pinky,top,R,index,top
329,aj,331384552,0.00011752630331449835,alternate_hands,False,L,pinky,home,R,index,home
330,iq,318727904,0.00011303759361811866,alternate_hands,False,R,middle,top,L,pinky,top
331,nj,312598990,0.00011086395999094682,same_finger_different_key,True,R,index,bottom,R,index,home
332,bb,308276690,0.00010933104622731352,same_key,False,L,index,bottom,L,index,bottom
333,nh,306883963,0.00010883711235245899,same_finger_different_key,True,R,index,bottom,R,index,home
334,uo,300484143,0.00010656740128132193,same_hand_different_fingers,False,R,index,top,R,ring,top
335,kl,298033281,0.0001056981973638322,same_hand_different_fingers,False,R,middle,home,R,ring,home
336,lr,283411884,0.00010051268485779453,alternate_hands,True,R,ring,home,L,index,top
337,tn,282266629,0.0001001065175042166,alternate_hands,True,L,index,top,R,index,bottom
338,gm,277966576,9.858149369095683e-05,alternate_hands,True,L,index,home,R,index,bottom
339,sn,258702825,9.174955952463224e-05,alternate_hands,True,L,ring,home,R,index,bottom
340,nr,258048421,9.151747362162302e-05,alternate_hands,True,R,index,bottom,L,index,top
341,fy,256535008,9.098073817573506e-05,alternate_hands,True,L,index,home,R,index,top
342,mn,247850339,8.790070008427924e-05,same_finger_different_key,False,R,index,bottom,R,index,bottom
343,dw,230152384,8.162407911681682e-05,same_hand_different_fingers,True,L,middle,home,L,ring,top
344,sb,223212317,7.916276818864494e-05,same_hand_different_fingers,True,L,ring,home,L,index,bottom
345,yr,219696469,7.791586450541088e-05,alternate_hands,False,R,index,top,L,index,top
346,dn,213431654,7.569403327201283e-05,alternate_hands,True,L,middle,home,R,index,bottom
347,sq,209894196,7.443946555193908e-05,same_hand_different_fingers,True,L,ring,home,L,pinky,top
348,zo,202480511,7.181018489679211e-05,alternate_hands,True,L,pinky,bottom,R,ring,top
349,oj,196696657,6.97589276024244e-05,same_hand_different_fingers,True,R,ring,top,R,index,home
350,yd,192245315,6.818024879289267e-05,alternate_hands,True,R,index,top,L,middle,home
351,lb,188643782,6.690295672480866e-05,alternate_hands,True,R,ring,home,L,index,bottom
352,wt,184446342,6.541432485103197e-05,same_hand_different_fingers,False,L,ring,top,L,index,top
353,lg,171657388,6.087869252355049e-05,alternate_hands,False,R,ring,home,L,index,home
354,ko,171324962,6.0760796868276776e-05,same_hand_different_fingers,True,R,middle,home,R,ring,top
355,np,170186564,6.035706136572198e-05,same_hand_different_fingers,True,R,index,bottom,R,pinky,top
356,sr,168896339,5.989948006394196e-05,same_hand_different_fingers,True,L,ring,home,L,index,top
357,nq,167770304,5.9500129128136294e-05,alternate_hands,True,R,index,bottom,L,pinky,top
358,ky,167761726,5.949708692045417e-05,same_hand_different_fingers,True,R,middle,home,R,index,top
359,ln,165509578,5.8698357385961136e-05,same_hand_different_fingers,True,R,ring,home,R,index,bottom
360,nw,163456000,5.797005116452936e-05,alternate_hands,True,R,index,bottom,L,ring,top
361,tf,159626603,5.661194659804483e-05,same_finger_different_key,True,L,index,top,L,index,home
362,fs,155349948,5.509522093998982e-05,same_hand_different_fingers,False,L,index,home,L,ring,home
363,cq,154363546,5.4745391172903915e-05,same_hand_different_fingers,True,L,middle,bottom,L,pinky,top
364,dh,153344431,5.438395966416432e-05,alternate_hands,False,L,middle,home,R,index,home
365,sd,148275222,5.258615288378493e-05,same_hand_different_fingers,False,L,ring,home,L,middle,home
366,vy,138085211,4.897224174539224e-05,alternate_hands,True,L,index,bottom,R,index,top
367,dj,134832736,4.781874391012554e-05,alternate_hands,False,L,middle,home,R,index,home
368,hw,134615178,4.774158645863246e-05,alternate_hands,True,R,index,home,L,ring,top
369,xu,134528161,4.771072567687967e-05,alternate_hands,True,L,ring,bottom,R,index,top
370,ao,130442323,4.62616737123756e-05,alternate_hands,True,L,pinky,home,R,ring,top
371,ml,129888836,4.60653782584987e-05,same_hand_different_fingers,True,R,index,bottom,R,ring,home
372,uk,129819900,4.6040929945514914e-05,same_hand_different_fingers,True,R,index,top,R,middle,home
373,uy,128782521,4.567302106663002e-05,same_finger_different_key,False,R,index,top,R,index,top
374,ej,128194584,4.546450784000317e-05,alternate_hands,True,L,middle,top,R,index,home
375,ez,127540198,4.523242832073589e-05,same_hand_different_fingers,True,L,middle,top,L,pinky,bottom
376,hb,123778334,4.389827449001692e-05,alternate_hands,True,R,index,home,L,index,bottom
377,nz,123192934,4.36906610163499e-05,alternate_hands,False,R,index,bottom,L,pinky,bottom
378,nb,122258836,4.335938098470417e-05,alternate_hands,False,R,index,bottom,L,index,bottom
379,mc,121591374,4.312266403157685e-05,alternate_hands,False,R,index,bottom,L,middle,bottom
380,yb,121220723,4.2991211791009456e-05,alternate_hands,True,R,index,top,L,index,bottom
381,tp,121089391,4.294463459127656e-05,alternate_hands,False,L,index,top,R,pinky,top
382,xh,117618666,4.17137338851048e-05,alternate_hands,True,L,ring,bottom,R,index,home
383,ux,110947766,3.934788366049721e-05,alternate_hands,True,R,index,top,L,ring,bottom
384,tz,108527540,3.8489544871772874e-05,same_hand_different_fingers,True,L,index,top,L,pinky,bottom
385,bv,108385069,3.843901719974211e-05,same_finger_different_key,False,L,index,bottom,L,index,bottom
386,mf,107664447,3.818344692878059e-05,alternate_hands,True,R,index,bottom,L,index,home
387,wd,99767462,3.538276280280467e-05,same_hand_different_fingers,True,L,ring,top,L,middle,home
388,oz,97904996,3.472223489736102e-05,alternate_hands,True,R,ring,top,L,pinky,bottom
389,yw,95070267,3.371689165411773e-05,alternate_hands,False,R,index,top,L,ring,top
390,kh,89811517,3.18518637165598e-05,same_hand_different_fingers,False,R,middle,home,R,index,home
391,gd,89087728,3.159517026167088e-05,same_hand_different_fingers,False,L,index,home,L,middle,home
392,bm,88228719,3.1290520718792114e-05,alternate_hands,False,L,index,bottom,R,index,bottom
393,mr,87580303,3.106055847393173e-05,alternate_hands,True,R,index,bottom,L,index,top
394,ku,85313841,3.0256752445994783e-05,same_hand_different_fingers,True,R,middle,home,R,index,top
395,uv,82252351,2.9170987885870377e-05,alternate_hands,True,R,index,top,L,index,bottom
396,dt,81648332,2.895677114048111e-05,same_hand_different_fingers,True,L,middle,home,L,index,top
397,hd,80544316,2.8565229294317865e-05,alternate_hands,False,R,index,home,L,middle,home
398,aa,79794787,2.8299407088468595e-05,same_key,False,L,pinky,home,L,pinky,home
399,xx,79068246,2.8041737630368995e-05,same_key,False,L,ring,bottom,L,ring,bottom
400,df,78347492,2.778612054529999e-05,same_hand_different_fingers,False,L,middle,home,L,index,home
401,db,78190243,2.773035182114443e-05,same_hand_different_fingers,True,L,middle,home,L,index,bottom
402,ji,77899882,2.7627374616109534e-05,same_hand_different_fingers,True,R,index,home,R,middle,top
403,kr,76743394,2.7217223452914765e-05,alternate_hands,True,R,middle,home,L,index,top
404,xo,76097183,2.6988043216440842e-05,alternate_hands,True,L,ring,bottom,R,ring,top
405,cm,75144874,2.665030461122328e-05,alternate_hands,False,L,middle,bottom,R,index,bottom
406,zz,75012595,2.6603391555734385e-05,same_key,False,L,pinky,bottom,L,pinky,bottom
407,nx,73899576,2.6208656774648996e-05,alternate_hands,False,R,index,bottom,L,ring,bottom
408,yg,73102462,2.5925958437702277e-05,alternate_hands,True,R,index,top,L,index,home
409,xy,72645837,2.5764015317761724e-05,alternate_hands,True,L,ring,bottom,R,index,top
410,kg,72267691,2.5629904957985015e-05,alternate_hands,False,R,middle,home,L,index,home
411,tb,71746167,2.544494525651471e-05,same_finger_different_key,True,L,index,top,L,index,bottom
412,dc,71030077,2.5190982269910315e-05,same_finger_different_key,True,L,middle,home,L,middle,bottom
413,bd,69761165,2.474095967322812e-05,same_hand_different_fingers,True,L,index,bottom,L,middle,home
414,sg,69588685,2.4679789239442523e-05,same_hand_different_fingers,False,L,ring,home,L,index,home
415,wy,68368953,2.4247208444323264e-05,alternate_hands,False,L,ring,top,R,index,top
416,zy,66473188,2.3574870970960865e-05,alternate_hands,True,L,pinky,bottom,R,index,top
417,aq,63283982,2.2443811633926902e-05,same_finger_different_key,True,L,pinky,home,L,pinky,top
418,hf,63249924,2.2431732884890087e-05,alternate_hands,False,R,index,home,L,index,home
419,cd,62905910,2.230972751842257e-05,same_finger_different_key,True,L,middle,bottom,L,middle,home
420,vu,62384927,2.2124959683862503e-05,alternate_hands,True,L,index,bottom,R,index,top
421,kw,61416538,2.1781518269187193e-05,alternate_hands,True,R,middle,home,L,ring,top
422,zu,60692846,2.152485921557423e-05,alternate_hands,True,L,pinky,bottom,R,index,top
423,bn,59062122,2.094651915026475e-05,alternate_hands,False,L,index,bottom,R,index,bottom
424,ih,58966344,2.0912551259453547e-05,same_hand_different_fingers,True,R,middle,top,R,index,home
425,tg,55522877,1.969131766647826e-05,same_finger_different_key,True,L,index,top,L,index,home
426,xv,55076715,1.9533085273860866e-05,same_hand_different_fingers,False,L,ring,bottom,L,index,bottom
427,uz,53873803,1.9106469730923158e-05,alternate_hands,True,R,index,top,L,pinky,bottom
428,bc,53278096,1.8895200855696378e-05,same_hand_different_fingers,False,L,index,bottom,L,middle,bottom
429,xf,52374239,1.8574645865145906e-05,same_hand_different_fingers,True,L,ring,bottom,L,index,home
430,yz,51097953,1.8122008062186258e-05,alternate_hands,True,R,index,top,L,pinky,bottom
431,km,50449220,1.789193339253743e-05,same_hand_different_fingers,True,R,middle,home,R,index,bottom
432,dp,48855638,1.7326765824048826e-05,alternate_hands,True,L,middle,home,R,pinky,top
433,lh,45643026,1.6187405494591476e-05,same_hand_different_fingers,False,R,ring,home,R,index,home
434,wf,45330551,1.6076585507942857e-05,same_hand_different_fingers,True,L,ring,top,L,index,home
435,kf,44759608,1.5874099243002875e-05,alternate_hands,False,R,middle,home,L,index,home
436,pf,41022263,1.4548641132749975e-05,alternate_hands,True,R,pinky,top,L,index,home
437,cf,39704311,1.4081226385830964e-05,same_hand_different_fingers,True,L,middle,bottom,L,index,home
438,mt,38538709,1.3667842921305478e-05,alternate_hands,True,R,index,bottom,L,index,top
439,yu,37436235,1.3276847949034266e-05,same_finger_different_key,False,R,index,top,R,index,top
440,cp,37067423,1.3146047914100753e-05,alternate_hands,True,L,middle,bottom,R,pinky,top
441,pb,36901495,1.3087201162377793e-05,alternate_hands,True,R,pinky,top,L,index,bottom
442,td,36539510,1.2958822338897517e-05,same_hand_different_fingers,True,L,index,top,L,middle,home
443,zl,35456851,1.2574854802534591e-05,alternate_hands,True,L,pinky,bottom,R,ring,home
444,sv,35005005,1.2414606566076536e-05,same_hand_different_fingers,True,L,ring,home,L,index,bottom
445,hc,34631551,1.228216023502966e-05,alternate_hands,True,R,index,home,L,middle,bottom
446,mg,34537023,1.2248635659630283e-05,alternate_hands,True,R,index,bottom,L,index,home
447,pw,34037460,1.2071464477967291e-05,alternate_hands,False,R,pinky,top,L,ring,top
448,gf,33962536,1.2044892506834687e-05,same_finger_different_key,False,L,index,home,L,index,home
449,pd,33798376,1.1986672780430216e-05,alternate_hands,True,R,pinky,top,L,middle,home
450,pn,33536129,1.1893666270985813e-05,same_hand_different_fingers,True,R,pinky,top,R,index,bottom
451,pc,33156666,1.17590888340912e-05,alternate_hands,True,R,pinky,top,L,middle,bottom
452,rx,32990613,1.1700197750827059e-05,same_hand_different_fingers,True,L,index,top,L,ring,bottom
453,tv,32805751,1.1634636011898067e-05,same_finger_different_key,True,L,index,top,L,index,bottom
454,ij,31324465,1.1109294481398722e-05,same_hand_different_fingers,True,R,middle,top,R,index,home
455,wm,30732232,1.0899257668364493e-05,alternate_hands,True,L,ring,top,R,index,bottom
456,uh,30097154,1.067402577627447e-05,same_finger_different_key,True,R,index,top,R,index,home
457,wk,30095733,1.0673521815314304e-05,alternate_hands,True,L,ring,top,R,middle,home
458,wb,29929113,1.0614429644179357e-05,same_hand_different_fingers,True,L,ring,top,L,index,bottom
459,bh,29797934,1.056790670625287e-05,alternate_hands,True,L,index,bottom,R,index,home
460,oq,29227658,1.0365656994416639e-05,alternate_hands,False,R,ring,top,L,pinky,top
461,kt,29132180,1.0331795499304272e-05,alternate_hands,True,R,middle,home,L,index,top
462,rq,28152573,9.984375594797058e-06,same_hand_different_fingers,False,L,index,top,L,pinky,top
463,kb,25406204,9.010369431385025e-06,alternate_hands,True,R,middle,home,L,index,bottom
464,cg,24975673,8.85768060932945e-06,same_hand_different_fingers,True,L,middle,bottom,L,index,home
465,vr,24701238,8.760351597293566e-06,same_finger_different_key,True,L,index,bottom,L,index,top
466,cn,24249641,8.600191669265546e-06,alternate_hands,False,L,middle,bottom,R,index,bottom
467,pk,23099462,8.192278007617351e-06,same_hand_different_fingers,True,R,pinky,top,R,middle,home
468,uu,22006895,7.804796575974118e-06,same_key,False,R,index,top,R,index,top
469,yf,21246637,7.5351693052820495e-06,alternate_hands,True,R,index,top,L,index,home
470,wp,20982546,7.441508816942119e-06,alternate_hands,False,L,ring,top,R,pinky,top
471,cz,20601701,7.30644125052819e-06,same_hand_different_fingers,False,L,middle,bottom,L,pinky,bottom
472,kp,20492678,7.267775989613261e-06,same_hand_different_fingers,True,R,middle,home,R,pinky,top
473,dq,19927900,7.067476156284412e-06,same_hand_different_fingers,True,L,middle,home,L,pinky,top
474,wu,19601657,6.951773316363763e-06,alternate_hands,False,L,ring,top,R,index,top
475,fm,19340776,6.8592512620014045e-06,alternate_hands,True,L,index,home,R,index,bottom
476,wc,19008254,6.741321560104064e-06,same_hand_different_fingers,True,L,ring,top,L,middle,bottom
477,md,18929019,6.713220682779148e-06,alternate_hands,True,R,index,bottom,L,middle,home
478,kd,18894758,6.701069939319453e-06,alternate_hands,False,R,middle,home,L,middle,home
479,zh,18782710,6.661331855107903e-06,alternate_hands,True,L,pinky,bottom,R,index,home
480,gw,18260884,6.476265048634101e-06,same_hand_different_fingers,True,L,index,home,L,ring,top
481,rz,17993128,6.381304759506693e-06,same_hand_different_fingers,True,L,index,top,L,pinky,bottom
482,cb,17751935,6.295765100206781e-06,same_hand_different_fingers,False,L,middle,bottom,L,index,bottom
483,iw,17611969,6.246125832261312e-06,alternate_hands,False,R,middle,top,L,ring,top
484,xl,16728256,5.932714958235521e-06,alternate_hands,True,L,ring,bottom,R,ring,home
485,hp,16696129,5.921321042846898e-06,same_hand_different_fingers,True,R,index,home,R,pinky,top
486,mw,16465357,5.839477215472309e-06,alternate_hands,True,R,index,bottom,L,ring,top
487,vs,16263248,5.767798787817088e-06,same_hand_different_fingers,True,L,index,bottom,L,ring,home
488,fc,16254390,5.764657277482714e-06,same_hand_different_fingers,True,L,index,home,L,middle,bottom
489,rj,15598009,5.531870226818162e-06,alternate_hands,True,L,index,top,R,index,home
490,bp,15427250,5.471310149691573e-06,alternate_hands,True,L,index,bottom,R,pinky,top
491,mh,15033898,5.331806946593063e-06,same_finger_different_key,True,R,index,bottom,R,index,home
492,hh,14730425,5.224179540214263e-06,same_key,False,R,index,home,R,index,home
493,yh,14682887,5.2073200777763014e-06,same_finger_different_key,True,R,index,top,R,index,home
494,uj,14548024,5.159490600668077e-06,same_finger_different_key,True,R,index,top,R,index,home
495,fg,14424524,5.115691037979528e-06,same_finger_different_key,False,L,index,home,L,index,home
496,fd,13966832,4.953369504003438e-06,same_hand_different_fingers,False,L,index,home,L,middle,home
497,gb,13944852,4.945574245801865e-06,same_finger_different_key,True,L,index,home,L,index,bottom
498,pg,13354952,4.736364836652272e-06,alternate_hands,True,R,pinky,top,L,index,home
499,tk,13081991,4.639558582150014e-06,alternate_hands,True,L,index,top,R,middle,home
500,kk,12782664,4.533401564329163e-06,same_key,False,R,middle,home,R,middle,home
501,hq,11925353,4.229354221105825e-06,alternate_hands,True,R,index,home,L,pinky,top
502,fn,11823066,4.193077898282152e-06,alternate_hands,True,L,index,home,R,index,bottom
503,lz,11767790,4.173474136118815e-06,alternate_hands,True,R,ring,home,L,pinky,bottom
504,vl,11621019,4.1214214590713575e-06,alternate_hands,True,L,index,bottom,R,ring,home
505,gp,11612944,4.118557641510953e-06,alternate_hands,True,L,index,home,R,pinky,top
506,hz,10729982,3.8054131113845875e-06,alternate_hands,True,R,index,home,L,pinky,bottom
507,dk,9494027,3.367078791524467e-06,alternate_hands,False,L,middle,home,R,middle,home
508,yk,9292584,3.295636562320667e-06,same_hand_different_fingers,True,R,index,top,R,middle,home
509,qi,8954617,3.1757757784894065e-06,alternate_hands,False,L,pinky,top,R,middle,top
510,lx,8612462,3.0544297107023596e-06,alternate_hands,True,R,ring,home,L,ring,bottom
511,vd,8430332,2.9898368819374584e-06,same_hand_different_fingers,True,L,index,bottom,L,middle,home
512,zs,8395904,2.977626911538743e-06,same_hand_different_fingers,True,L,pinky,bottom,L,ring,home
513,bw,8319869,2.950660921668105e-06,same_hand_different_fingers,True,L,index,bottom,L,ring,top
514,xq,8225536,2.9172055034729726e-06,same_hand_different_fingers,True,L,ring,bottom,L,pinky,top
515,mv,8172535,2.898408575359161e-06,alternate_hands,False,R,index,bottom,L,index,bottom
516,uw,7824504,2.7749785704841955e-06,alternate_hands,False,R,index,top,L,ring,top
517,hg,7789748,2.762652274121417e-06,alternate_hands,False,R,index,home,L,index,home
518,fb,7730842,2.741761124002132e-06,same_finger_different_key,True,L,index,home,L,index,bottom
519,sj,7621847,2.703105793352429e-06,alternate_hands,False,L,ring,home,R,index,home
520,ww,7377619,2.6164897642326007e-06,same_key,False,L,ring,top,L,ring,top
521,gk,7338894,2.6027558527741875e-06,alternate_hands,False,L,index,home,R,middle,home
522,uq,7235727,2.5661674359005885e-06,alternate_hands,False,R,index,top,L,pinky,top
523,bg,7203255,2.5546511654583004e-06,same_finger_different_key,True,L,index,bottom,L,index,home
524,sz,7041052,2.497125493662587e-06,same_hand_different_fingers,True,L,ring,home,L,pinky,bottom
525,jr,6846578,2.4281548365428075e-06,alternate_hands,True,R,index,home,L,index,top
526,ql,6708919,2.3793337515214076e-06,alternate_hands,True,L,pinky,top,R,ring,home
527,zt,6627349,2.350404761007198e-06,same_hand_different_fingers,True,L,pinky,bottom,L,index,top
528,hk,6595610,2.3391484507224056e-06,same_hand_different_fingers,False,R,index,home,R,middle,home
529,vc,6570845,2.330365485783281e-06,same_hand_different_fingers,False,L,index,bottom,L,middle,bottom
530,xm,6569222,2.329789885052564e-06,alternate_hands,False,L,ring,bottom,R,index,bottom
531,gc,6455066,2.289304193730508e-06,same_hand_different_fingers,True,L,index,home,L,middle,bottom
532,fw,6451511,2.288043404699271e-06,same_hand_different_fingers,True,L,index,home,L,ring,top
533,pz,6382200,2.263462097091935e-06,alternate_hands,True,R,pinky,top,L,pinky,bottom
534,kc,6326022,2.2435384385274225e-06,alternate_hands,True,R,middle,home,L,middle,bottom
535,hv,6292998,2.2318263999992716e-06,alternate_hands,True,R,index,home,L,index,bottom
536,xw,6292525,2.2316586494474362e-06,same_finger_different_key,True,L,ring,bottom,L,ring,top
537,zw,6279286,2.22696340725769e-06,same_hand_different_fingers,True,L,pinky,bottom,L,ring,top
538,fp,6262895,2.2211503009254794e-06,alternate_hands,True,L,index,home,R,pinky,top
539,iy,6247588,2.2157216377184053e-06,same_hand_different_fingers,False,R,middle,top,R,index,top
540,pv,6222096,2.206680840535762e-06,alternate_hands,True,R,pinky,top,L,index,bottom
541,vt,6181932,2.192436584375253e-06,same_finger_different_key,True,L,index,bottom,L,index,top
542,jp,6129447,2.1738226568634436e-06,same_hand_different_fingers,True,R,index,home,R,pinky,top
543,cv,5869407,2.081598865110163e-06,same_hand_different_fingers,False,L,middle,bottom,L,index,bottom
544,zb,5858211,2.077628177629507e-06,same_hand_different_fingers,False,L,pinky,bottom,L,index,bottom
545,vp,5510046,1.9541506493423943e-06,alternate_hands,True,L,index,bottom,R,pinky,top
546,zr,5320518,1.8869341026441333e-06,same_hand_different_fingers,True,L,pinky,bottom,L,index,top
547,fh,5166165,1.8321924516346958e-06,alternate_hands,False,L,index,home,R,index,home
548,yv,5115763,1.8143172649251557e-06,alternate_hands,True,R,index,top,L,index,bottom
549,zg,4726653,1.6763184970082236e-06,same_hand_different_fingers,True,L,pinky,bottom,L,index,home
550,zm,4713608,1.6716920573703928e-06,alternate_hands,False,L,pinky,bottom,R,index,bottom
551,zv,4618705,1.6380344873474672e-06,same_hand_different_fingers,False,L,pinky,bottom,L,index,bottom
552,qs,4448602,1.5777070621490045e-06,same_hand_different_fingers,True,L,pinky,top,L,ring,home
553,kv,4414960,1.5657758484812462e-06,alternate_hands,True,R,middle,home,L,index,bottom
554,vn,4317772,1.5313078978855e-06,alternate_hands,False,L,index,bottom,R,index,bottom
555,zn,4300522,1.5251901452022816e-06,alternate_hands,False,L,pinky,bottom,R,index,bottom
556,qa,4298294,1.5243999798122404e-06,same_finger_different_key,True,L,pinky,top,L,pinky,home
557,yx,4211192,1.4935090526114474e-06,alternate_hands,True,R,index,top,L,ring,bottom
558,jn,4150888,1.472122098535575e-06,same_finger_different_key,True,R,index,home,R,index,bottom
559,bf,4108696,1.4571586074509174e-06,same_finger_different_key,True,L,index,bottom,L,index,home
560,mk,3956883,1.4033177733583133e-06,same_hand_different_fingers,True,R,index,bottom,R,middle,home
561,cw,3909223,1.3864150433361575e-06,same_hand_different_fingers,True,L,middle,bottom,L,ring,top
562,jm,3659540,1.2978643857591143e-06,same_finger_different_key,True,R,index,home,R,index,bottom
563,lq,3582930,1.2706944707990358e-06,alternate_hands,True,R,ring,home,L,pinky,top
564,jh,3541869,1.2561320914989996e-06,same_finger_different_key,False,R,index,home,R,index,home
565,kj,3471162,1.2310556892397347e-06,same_hand_different_fingers,False,R,middle,home,R,index,home
566,jc,3447571,1.2226890861353984e-06,alternate_hands,True,R,index,home,L,middle,bottom
567,gz,3431194,1.2168809449358004e-06,same_hand_different_fingers,True,L,index,home,L,pinky,bottom
568,js,3329038,1.1806510815672873e-06,alternate_hands,False,R,index,home,L,ring,home
569,tx,3328898,1.1806014302411626e-06,same_hand_different_fingers,True,L,index,top,L,ring,bottom
570,fk,3293208,1.1679438886026663e-06,alternate_hands,False,L,index,home,R,middle,home
571,jl,3192327,1.1321662069542173e-06,same_hand_different_fingers,False,R,index,home,R,ring,home
572,vm,3178223,1.1271641904994861e-06,alternate_hands,False,L,index,bottom,R,index,bottom
573,lj,3169833,1.1241886574553005e-06,same_hand_different_fingers,False,R,ring,home,R,index,home
574,tj,3169658,1.1241265932976448e-06,alternate_hands,True,L,index,top,R,index,home
575,jj,2979950,1.0568462091800807e-06,same_key,False,R,index,home,R,index,home
576,cj,2962048,1.0504972231780532e-06,alternate_hands,True,L,middle,bottom,R,index,home
577,vg,2960268,1.049865942031611e-06,same_finger_different_key,True,L,index,bottom,L,index,home
578,mj,2923325,1.0367640210242988e-06,same_finger_different_key,True,R,index,bottom,R,index,home
579,jt,2917850,1.0348222995204949e-06,alternate_hands,True,R,index,home,L,index,top
580,pj,2810773,9.968471920386997e-07,same_hand_different_fingers,True,R,pinky,top,R,index,home
581,wg,2751783,9.759262511237404e-07,same_hand_different_fingers,True,L,ring,top,L,index,home
582,vh,2691078,9.54397081463754e-07,alternate_hands,True,L,index,bottom,R,index,home
583,bk,2639491,9.361016317438012e-07,alternate_hands,True,L,index,bottom,R,middle,home
584,vv,2622571,9.301009143293054e-07,same_key,False,L,index,bottom,L,index,bottom
585,jd,2615147,9.2746797543538e-07,alternate_hands,False,R,index,home,L,middle,home
586,tq,2517400,8.928017741874646e-07,same_hand_different_fingers,False,L,index,top,L,pinky,top
587,vb,2496014,8.852171794695919e-07,same_finger_different_key,False,L,index,bottom,L,index,bottom
588,jf,2421784,8.588913370536327e-07,alternate_hands,False,R,index,home,L,index,home
589,dz,2200704,7.80484800056189e-07,same_hand_different_fingers,True,L,middle,home,L,pinky,bottom
590,xb,2164724,7.677244092421487e-07,same_hand_different_fingers,False,L,ring,bottom,L,index,bottom
591,jb,2126115,7.54031637453953e-07,alternate_hands,True,R,index,home,L,index,bottom
592,zc,2100797,7.450525497766359e-07,same_hand_different_fingers,False,L,pinky,bottom,L,middle,bottom
593,fj,2065436,7.325116887545325e-07,alternate_hands,False,L,index,home,R,index,home
594,yy,1993017,7.06828121707229e-07,same_key,False,R,index,top,R,index,top
595,qn,1859810,6.595859488565936e-07,alternate_hands,True,L,pinky,top,R,index,bottom
596,xs,1804740,6.400552450731251e-07,same_finger_different_key,True,L,ring,bottom,L,ring,home
597,qr,1744325,6.186289245886825e-07,same_hand_different_fingers,False,L,pinky,top,L,index,top
598,jk,1740133,6.171422220235781e-07,same_hand_different_fingers,False,R,index,home,R,middle,home
599,jv,1719726,6.099048319362484e-07,alternate_hands,True,R,index,home,L,index,bottom
600,qq,1712219,6.072424568989777e-07,same_key,False,L,pinky,top,L,pinky,top
601,xn,1613611,5.722708999953956e-07,alternate_hands,False,L,ring,bottom,R,index,bottom
602,vf,1550317,5.498235354544322e-07,same_finger_different_key,True,L,index,bottom,L,index,home
603,px,1473468,5.225688585876123e-07,alternate_hands,True,R,pinky,top,L,ring,bottom
604,zd,1415016,5.018387206259035e-07,same_hand_different_fingers,True,L,pinky,bottom,L,middle,home
605,qt,1385505,4.913725757311525e-07,same_hand_different_fingers,False,L,pinky,top,L,index,top
606,zp,1361846,4.829818562684127e-07,alternate_hands,True,L,pinky,bottom,R,pinky,top
607,qo,1324363,4.696884230031911e-07,alternate_hands,False,L,pinky,top,R,ring,top
608,dx,1296277,4.597276576779233e-07,same_hand_different_fingers,True,L,middle,home,L,ring,bottom
609,hj,1282370,4.547955077320962e-07,same_finger_different_key,False,R,index,home,R,index,home
610,gv,1192366,4.228753794712046e-07,same_finger_different_key,True,L,index,home,L,index,bottom
611,jw,1165914,4.1349411605227764e-07,alternate_hands,True,R,index,home,L,ring,top
612,qc,1127399,3.9983468158305136e-07,same_hand_different_fingers,True,L,pinky,top,L,middle,bottom
613,jy,1120221,3.9728898716217363e-07,same_finger_different_key,True,R,index,home,R,index,top
614,gj,1093028,3.8764492636711533e-07,alternate_hands,False,L,index,home,R,index,home
615,qb,1083443,3.842455837892227e-07,same_hand_different_fingers,True,L,pinky,top,L,index,bottom
616,pq,1075049,3.812686321357193e-07,alternate_hands,False,R,pinky,top,L,pinky,top
617,jg,1034900,3.670296957601522e-07,alternate_hands,False,R,index,home,L,index,home
618,bz,1007374,3.572675357393831e-07,same_hand_different_fingers,False,L,index,bottom,L,pinky,bottom
619,mx,994334,3.526428693631995e-07,alternate_hands,False,R,index,bottom,L,ring,bottom
620,qm,989868,3.5105899205982257e-07,alternate_hands,True,L,pinky,top,R,index,bottom
621,mz,970282,3.4411277153498116e-07,alternate_hands,False,R,index,bottom,L,pinky,bottom
622,qf,947879,3.3616749539804555e-07,same_hand_different_fingers,True,L,pinky,top,L,index,home
623,wj,914179,3.2421571189517844e-07,alternate_hands,True,L,ring,top,R,index,home
624,zq,913036,3.2381034428260345e-07,same_finger_different_key,True,L,pinky,bottom,L,pinky,top
625,xr,907409,3.218147156247212e-07,same_hand_different_fingers,True,L,ring,bottom,L,index,top
626,zk,906537,3.215054587934304e-07,alternate_hands,True,L,pinky,bottom,R,middle,home
627,cx,876736,3.1093646472313536e-07,same_hand_different_fingers,False,L,middle,bottom,L,ring,bottom
628,fx,812116,2.880188311933054e-07,same_hand_different_fingers,True,L,index,home,L,ring,bottom
629,fv,807297,2.863097616176284e-07,same_finger_different_key,True,L,index,home,L,index,bottom
630,bx,778622,2.761401060703075e-07,same_hand_different_fingers,False,L,index,bottom,L,ring,bottom
631,vw,742188,2.632187030986915e-07,same_hand_different_fingers,True,L,index,bottom,L,ring,top
632,vj,724370,2.568995078923388e-07,alternate_hands,True,L,index,bottom,R,index,home
633,mq,708424,2.512442218467389e-07,alternate_hands,True,R,index,bottom,L,pinky,top
634,qv,635514,2.253865205056695e-07,same_hand_different_fingers,True,L,pinky,top,L,index,bottom
635,zf,608389,2.1576657606901463e-07,same_hand_different_fingers,True,L,pinky,bottom,L,index,home
636,qe,572443,2.0301824343417607e-07,same_hand_different_fingers,False,L,pinky,top,L,middle,top
637,yj,561334,1.9907841070618347e-07,same_finger_different_key,True,R,index,top,R,index,home
638,gx,557030,1.9755198708017932e-07,same_hand_different_fingers,True,L,index,home,L,ring,bottom
639,kx,555422,1.9698170613440454e-07,alternate_hands,True,R,middle,home,L,ring,bottom
640,xg,542548,1.9241591204491164e-07,same_hand_different_fingers,True,L,ring,bottom,L,index,home
641,qd,519921,1.8439119378617653e-07,same_hand_different_fingers,True,L,pinky,top,L,middle,home
642,xj,511074,1.8125358462742683e-07,alternate_hands,True,L,ring,bottom,R,index,home
643,sx,503772,1.7866391331769582e-07,same_finger_different_key,True,L,ring,home,L,ring,bottom
644,vz,501189,1.7774784635069566e-07,same_hand_different_fingers,False,L,index,bottom,L,pinky,bottom
645,vx,449854,1.5954176901776744e-07,same_hand_different_fingers,False,L,index,bottom,L,ring,bottom
646,wv,389123,1.380033783972149e-07,same_hand_different_fingers,True,L,ring,top,L,index,bottom
647,yq,384882,1.3649929786796687e-07,alternate_hands,False,R,index,top,L,pinky,top
648,bq,346506,1.228891600725358e-07,same_hand_different_fingers,True,L,index,bottom,L,pinky,top
649,gq,345624,1.2257635671795039e-07,same_hand_different_fingers,True,L,index,home,L,pinky,top
650,vk,337545,1.1971112054822743e-07,alternate_hands,True,L,index,bottom,R,middle,home
651,zj,309029,1.0959785472129102e-07,alternate_hands,True,L,pinky,bottom,R,index,home
652,xk,281255,9.974774092281535e-08,alternate_hands,True,L,ring,bottom,R,middle,home
653,qp,272180,9.652927103294833e-08,alternate_hands,False,L,pinky,top,R,pinky,top
654,hx,263997,9.362715102096135e-08,alternate_hands,True,R,index,home,L,ring,bottom
655,fz,263860,9.357856365182507e-08,same_hand_different_fingers,True,L,index,home,L,pinky,bottom
656,qh,263509,9.345408068418392e-08,alternate_hands,True,L,pinky,top,R,index,home
657,qj,236928,8.402706711475635e-08,alternate_hands,True,L,pinky,top,R,index,home
658,jz,220675,7.826290280401158e-08,alternate_hands,True,R,index,home,L,pinky,bottom
659,vq,212856,7.548987623994875e-08,same_hand_different_fingers,True,L,index,bottom,L,pinky,top
660,kq,187242,6.640581147311086e-08,alternate_hands,True,R,middle,home,L,pinky,top
661,xd,168263,5.967486491225286e-08,same_hand_different_fingers,True,L,ring,bottom,L,middle,home
662,qw,163292,5.791188818249761e-08,same_hand_different_fingers,False,L,pinky,top,L,ring,top
663,jx,161750,5.736501429046731e-08,alternate_hands,True,R,index,home,L,ring,bottom
664,qx,159505,5.6568819810825274e-08,same_hand_different_fingers,True,L,pinky,top,L,ring,bottom
665,kz,150760,5.346738518968069e-08,alternate_hands,True,R,middle,home,L,pinky,bottom
666,wx,150637,5.342376295315687e-08,same_finger_different_key,True,L,ring,top,L,ring,bottom
667,fq,149430,5.299569759149632e-08,same_hand_different_fingers,True,L,index,home,L,pinky,top
668,xz,136521,4.841749067047226e-08,same_hand_different_fingers,False,L,ring,bottom,L,pinky,bottom
669,zx,108224,3.8381893703688e-08,same_hand_different_fingers,False,L,pinky,bottom,L,ring,bottom
