rank,ngram,count,share,cumulative_share
1,th,100272945963,0.035562033867788265,0.035562033867788265
2,he,86697336727,0.030747412428375958,0.06630944629616423
3,in,68595215308,0.024327452898924896,0.09063689919508912
4,er,57754162106,0.020482648127014873,0.111119547322104
5,an,55974567611,0.019851510793865493,0.13097105811596949
6,re,52285662239,0.018543231910521065,0.14951429002649055
7,on,49570981965,0.01758046422760261,0.16709475425409315
8,at,41920838452,0.014867323009999081,0.18196207726409225
9,en,41004903554,0.014542484564787907,0.19650456182888015
10,nd,38129777631,0.013522814458699572,0.21002737628757973
11,ti,37856196209,0.013425788170089764,0.2234531644576695
12,es,37766388079,0.013393937507580644,0.23684710196525013
13,or,35994097756,0.012765390616045856,0.24961249258129597
14,te,33973261529,0.012048696340679248,0.26166118892197526
15,of,33130341561,0.011749752810478072,0.2734109417324533
16,ed,32937140633,0.011681233651308664,0.28509217538376197
17,is,31817918249,0.01128429882563713,0.2963764742093991
18,it,31672532308,0.011232737362990464,0.3076092115723896
19,al,30662410438,0.010874495288754523,0.3184837068611441
20,ar,30308513014,0.010748984742942346,0.3292326916040864
21,st,29704461829,0.010534756583067857,0.33976744818715426
22,to,29360205581,0.010412665302782832,0.3501801134899371
23,nt,29359771944,0.010412511512410641,0.3605926250023478
24,ng,26871805511,0.009530148421324101,0.3701227734236719
25,se,26282488562,0.009321145792569853,0.3794439192162417
26,ha,26103411208,0.009257635591819875,0.38870155480806157
27,as,24561944198,0.008710950725934656,0.39741250553399626
28,ou,24531132241,0.008700023193609326,0.40611252872760556
29,io,23542263265,0.008349318507738292,0.41446184723534385
30,le,23382173640,0.008292542349309354,0.4227543895846532
31,ve,23270129573,0.008252805659945416,0.43100719524459863
32,co,22384167777,0.00793859724517974,0.4389457924897784
33,me,22360109325,0.007930064859134691,0.44687585734891305
34,de,21565300071,0.007648183905725693,0.45452404125463874
35,hi,21520845924,0.0076324181389379,0.46215645939357664
36,ri,20516398905,0.007276188663828457,0.4694326480574051
37,ro,20491179118,0.007267244407620373,0.4766998924650255
38,ic,19701195496,0.0069870748758413,0.4836869673408668
39,ne,19504235770,0.006917222650205216,0.490604189991072
40,ea,19403941063,0.006881652898734964,0.49748584288980696
41,ra,19332539912,0.006856330314206551,0.5043421732040135
42,ce,18367773425,0.006514173632205198,0.5108563468362187
43,li,17604626629,0.0062435218432823885,0.5170998686795011
44,ch,16854985236,0.005977659776993852,0.5230775284564949
45,ll,16257360474,0.00576571076300642,0.5288432392195014
46,be,16249257887,0.005762837161652202,0.5346060763811535
47,ma,15938689768,0.0056526934547922415,0.5402587698359458
48,si,15509759748,0.00550057242402309,0.5457593422599689
49,om,15402602484,0.005462568850726722,0.5512219111106956
50,ur,15303657594,0.005427477814999868,0.5566493889256955
51,ca,15174413181,0.005381640982859478,0.562031029908555
52,el,14952716079,0.0053030155892002185,0.5673340454977552
53,ta,14941000711,0.005298860706648515,0.5726329062044037
54,la,14874551789,0.005275294441670981,0.5779082006460747
55,ns,14350320288,0.005089374518664006,0.5829975751647387
56,di,13899990598,0.0049296640450796365,0.5879272392098184
57,fo,13753006196,0.004877535684515768,0.5928047748943341
58,ho,13672603513,0.004849020685694829,0.597653795580029
59,pe,13477683504,0.004779891850444238,0.6024336874304732
60,ec,13457763533,0.004772827186326274,0.6072065146167994
61,pr,13378480175,0.00474470915872401,0.6119512237755235
62,no,13099447521,0.004645749577986965,0.6165969733535104
63,ct,12997849406,0.004609717569833274,0.6212066909233437
64,us,12808517567,0.004542570592090613,0.6257492615154343
65,ac,12625666388,0.004477721995513402,0.6302269835109477
66,ot,12465822481,0.004421032981545556,0.6346480164924932
67,il,12167821320,0.004315346175614546,0.6389633626681078
68,tr,12006693396,0.004258201782026581,0.6432215644501343
69,ly,11983948242,0.0042501351601765104,0.6474716996103109
70,nc,11722631112,0.004157458431293705,0.6516291580416046
71,et,11634161334,0.004126082418439024,0.6557552404600436
72,ut,11423899818,0.004051512681993427,0.6598067531420371
73,ss,11421755201,0.004050752088578574,0.6638575052306156
74,so,11214705934,0.003977321583723639,0.6678348268143393
75,rs,11180732354,0.003965272774436477,0.6718000995887757
76,un,11121118166,0.003944130463793296,0.675744230052569
77,lo,10908830081,0.0038688419999310334,0.6796130720525001
78,wa,10865206430,0.0038533707704842494,0.6834664428229843
79,ge,10861045622,0.0038518951302346054,0.687318337953219
80,ie,10845731320,0.003846463877356222,0.6911648018305752
81,wh,10680697684,0.0037879343139092495,0.6949527361444844
82,ee,10647199443,0.0037760540847057225,0.6987287902291901
83,wi,10557401491,0.003744207031848012,0.7024729972610382
84,em,10536054813,0.003736636382769038,0.7062096336438072
85,ad,10375130449,0.0036795641822092583,0.7098891978260164
86,ol,10305660447,0.0036549264841722333,0.7135441243101887
87,rt,10198055461,0.0036167641252256148,0.7171608884354143
88,po,10189505383,0.003613731820145834,0.7207746202555602
89,we,10176141608,0.0036089923262116784,0.7243836125817718
90,na,9790855551,0.003472349728587426,0.7278559623103592
91,ul,9751225781,0.0034582949383408857,0.7313142572487001
92,ni,9564648232,0.0033921247759627383,0.7347063820246629
93,ts,9516029773,0.0033748821262235386,0.7380812641508864
94,mo,9498813191,0.0033687762253118664,0.7414500403761982
95,ow,9318366591,0.0033047804182783813,0.7447548207944766
96,pa,9123652775,0.0032357247098555595,0.7479905455043322
97,im,8959759181,0.0031775994649595714,0.7511681449692917
98,mi,8957825538,0.0031769136939652737,0.7543450586632571
99,ai,8922759715,0.003164477518153824,0.7575095361814108
100,sh,8888705287,0.0031524000359351304,0.760661936217346
101,ir,8886799024,0.0031517239753216133,0.7638136601926676
102,su,8774129154,0.0031117653434659404,0.7669254255361335
103,id,8332214014,0.002955039109640445,0.769880464645774
104,os,8176085241,0.002899667676599962,0.772780132322374
105,iv,8116349309,0.0028784821891635827,0.7756586145115375
106,ia,8072199471,0.0028628243462715157,0.778521438857809
107,am,8032259916,0.0028486596900530927,0.7813700985478621
108,fi,8024355222,0.002845856271912309,0.7842159548197745
109,ci,7936922442,0.0028148480328139764,0.7870308028525884
110,vi,7600241898,0.0026954434935998663,0.7897262463461883
111,pl,7415349106,0.002629870834216346,0.7923561171804047
112,ig,7189051323,0.002549613798323326,0.794905730978728
113,tu,7187510085,0.0025490671946763704,0.7974547981734044
114,ev,7184041787,0.0025478371547114024,0.8000026353281158
115,ld,7122648226,0.002526063785288789,0.8025286991134045
116,ry,6985436186,0.0024774012156725655,0.805006100329077
117,mp,6743935008,0.002391752260327065,0.8073978525894041
118,fe,6670566518,0.002365731954439461,0.8097635845438437
119,bl,6581097936,0.002334001713419505,0.8120975862572631
120,ab,6479202253,0.0022978641720814404,0.8143954504293446
121,gh,6414827751,0.0022750336049891886,0.8166704840343337
122,ty,6408447994,0.0022727710093077376,0.8189432550436415
123,op,6313536754,0.002239110516949617,0.8211823655605911
124,wo,6252724050,0.0022175431498151384,0.8233999087104062
125,sa,6147356936,0.0021801744573863575,0.8255800831677926
126,ay,6128842727,0.0021736083500363624,0.827753691517829
127,ex,6035335807,0.0021404459030375522,0.8298941374208665
128,ke,6027536039,0.0021376796971470896,0.8320318171180137
129,fr,6011200185,0.0021318861484722396,0.8341637032664858
130,oo,5928601045,0.0021025921710596876,0.8362662954375455
131,av,5778409728,0.002049326470620682,0.8383156219081662
132,ag,5772552144,0.0020472490648100632,0.8403628709729762
133,if,5731148470,0.002032565155377681,0.842395436128354
134,ap,5719570727,0.002028459081852819,0.8444238952102068
135,gr,5548472398,0.0019677786609059254,0.8463916738711127
136,od,5511014957,0.0019544942921995924,0.8483461681633123
137,bo,5509918152,0.001954105307751377,0.8503002734710636
138,sp,5392724233,0.0019125422113792543,0.8522128156824429
139,rd,5338083783,0.001893163848503906,0.8541059795309468
140,do,5307591560,0.0018823497105864835,0.8559883292415333
141,uc,5291161134,0.0018765226217315315,0.8578648518632649
142,bu,5214802738,0.001849441938716155,0.859714293801981
143,ei,5169898489,0.0018335165422055663,0.8615478103441866
144,ov,5021440160,0.0017808654499976906,0.8633286757941843
145,by,4975814759,0.001764684295250406,0.8650933600894347
146,rm,4938158020,0.001751329245044116,0.8668446893344788
147,ep,4837800987,0.001715737389512778,0.8685604267239916
148,tt,4812693687,0.0017068330270812787,0.8702672597510729
149,oc,4692062395,0.0016640508583674763,0.8719313106094403
150,fa,4624241031,0.0016399978536375908,0.873571308463078
151,ef,4588497002,0.0016273211504883858,0.8751986296135663
152,cu,4585165906,0.0016261397695323246,0.8768247693830986
153,rn,4521640992,0.0016036105108033557,0.878428379893902
154,sc,4363410770,0.0015474937939797774,0.8799758736878818
155,gi,4275639800,0.001516365615010144,0.8814922393028919
156,da,4259590348,0.0015106736394717565,0.8830029129423637
157,yo,4226720021,0.0014990161014310313,0.8845019290437947
158,cr,4214150542,0.0014945583064235584,0.8859964873502182
159,cl,4201617719,0.0014901135115518744,0.8874866008617701
160,du,4186093215,0.0014846077100445331,0.8889712085718147
161,ga,4175274057,0.0014807706704570165,0.8904519792422717
162,qu,4160167957,0.0014754132569029317,0.8919273924991746
163,ue,4158448570,0.001474803472298135,0.8934021959714727
164,ff,4125634219,0.0014631657862762036,0.8948653617577489
165,ba,4122472992,0.0014620446497566957,0.8963274064075056
166,ey,4053144855,0.0014374572644723898,0.897764863671978
167,ls,3990203351,0.0014151349134589523,0.899179998585437
168,va,3946966167,0.0013998007454339783,0.900579799330871
169,um,3901923211,0.001383826156162727,0.9019636254870337
170,pp,3850125519,0.0013654559840341753,0.9033290814710678
171,ua,3844138094,0.001363332529810447,0.9046924140008783
172,up,3835093459,0.001360124828938564,0.9060525388298168
173,lu,3811884104,0.001351893577122505,0.9074044324069394
174,go,3725558729,0.0013212780817870803,0.9087257104887264
175,ht,3670802795,0.0013018587622421166,0.9100275692509686
176,ru,3618438291,0.001283287568917398,0.911310856819886
177,ug,3606562400,0.001279075756509812,0.9125899325763958
178,ds,3560125353,0.0012626067496179288,0.9138525393260137
179,lt,3486149365,0.001236370993149481,0.9150889103191632
180,pi,3470838749,0.001230941047519584,0.9163198513666828
181,rc,3422694015,0.0012138664054551589,0.9175337177721379
182,rr,3404547067,0.0012074305480743342,0.9187411483202123
183,eg,3370515965,0.0011953613384758778,0.9199365096586881
184,au,3356322923,0.0011903277430684266,0.9211268374017566
185,ck,3316660134,0.0011762612425566196,0.9223030986443131
186,ew,3293529190,0.0011680577993843661,0.9234711564436976
187,mu,3231856188,0.001146185325560156,0.9246173417692577
188,br,3145611704,0.0011155985184063137,0.9257329402876641
189,bi,3005679357,0.0010659711855756885,0.9267989114732397
190,pt,2982699529,0.0010578213360448539,0.9278567328092846
191,ak,2952167845,0.0010469932031918583,0.9289037260124764
192,pu,2947681332,0.001045402050905247,0.9299491280633817
193,ui,2852182384,0.0010115331265358833,0.9309606611899176
194,rg,2813274913,0.0009977345013122607,0.9319583956912298
195,ib,2780268452,0.0009860286830313163,0.9329444243742612
196,tl,2775935006,0.0009844918163128189,0.9339289161905739
197,ny,2760941827,0.0009791744504544292,0.9349080906410284
198,ki,2759841743,0.0009787843031012254,0.9358868749441296
199,rk,2736041446,0.0009703434723282896,0.9368572184164579
200,ys,2730343336,0.0009683226243432593,0.9378255410408012
201,ob,2725791138,0.0009667081767183874,0.9387922492175196
202,mm,2708822249,0.0009606901207061564,0.9397529393382257
203,fu,2706168901,0.0009597491046570832,0.9407126884428828
204,ph,2661480326,0.0009439001974329991,0.9416565886403158
205,og,2651165734,0.0009402421033527496,0.9425968307436685
206,ms,2617582287,0.0009283316556428383,0.9435251623993114
207,ye,2612941418,0.0009266857606412607,0.9444518481599526
208,ud,2577213760,0.0009140148635053416,0.9453658630234579
209,mb,2544901434,0.0009025552218191082,0.9462684182452771
210,ip,2515455253,0.0008921120651337005,0.9471605303104108
211,ub,2497666762,0.0008858033353629379,0.9480463336457737
212,oi,2474275212,0.0008775074676657127,0.9489238411134394
213,rl,2432373251,0.0008626468395880397,0.9497864879530274
214,gu,2418410978,0.0008576950869440064,0.9506441830399714
215,dr,2409399231,0.0008544990498779348,0.9514986820898494
216,hr,2379584978,0.0008439253556003175,0.9523426074454497
217,cc,2344219345,0.0008313828514739717,0.9531739902969237
218,tw,2322619238,0.0008237223232097947,0.9539977126201334
219,ft,2302659749,0.000816643643941075,0.9548143562640745
220,wn,2227183930,0.0007898759689146779,0.9556042322329893
221,nu,2217508482,0.0007864445487428901,0.9563906767817322
222,af,2092395523,0.000742072946387665,0.9571327497281198
223,hu,2077887429,0.0007369276170545124,0.9578696773451744
224,nn,2051719074,0.0007276469489955757,0.9585973242941699
225,eo,2044268477,0.0007250045774136436,0.9593223288715835
226,vo,2004982879,0.0007110718485686386,0.9600334007201522
227,rv,1953555667,0.000692833068035106,0.9607262337881873
228,nf,1894270041,0.0006718072826705972,0.9613980410708579
229,xp,1885334638,0.000668638321181966,0.9620666793920398
230,gn,1850801359,0.0006563910133406573,0.9627230704053805
231,sm,1838392669,0.0006519902425265863,0.9633750606479071
232,fl,1830098844,0.0006490488181701867,0.9640241094660773
233,iz,1814164135,0.0006433975365040388,0.9646675070025813
234,ok,1813376076,0.0006431180495439353,0.9653106250521253
235,nl,1798491132,0.000637839069480425,0.9659484641216056
236,my,1753447198,0.0006218641333591955,0.9665703282549649
237,gl,1709752272,0.0006063676260676287,0.9671766958810325
238,aw,1689436638,0.0005991626391450328,0.9677758585201776
239,ju,1655210582,0.0005870242886563383,0.9683628828088339
240,oa,1620913259,0.00057486066316008,0.9689377434719939
241,eq,1614312175,0.0005725195733425061,0.9695102630453365
242,sy,1602829285,0.000568447139655051,0.9700787101849915
243,sl,1575646777,0.0005588067998722335,0.9706375169848638
244,ps,1538723474,0.0005457118644518548,0.9711832288493156
245,jo,1516687319,0.0005378966907487205,0.9717211255400643
246,lf,1507867867,0.0005347688515523429,0.9722558943916166
247,nv,1466426243,0.0005200714830640574,0.9727759658746807
248,je,1463052212,0.0005188748751102307,0.9732948407497909
249,nk,1455100124,0.0005160546485769444,0.9738108953983678
250,kn,1450401608,0.0005143883089325302,0.9743252837073004
251,gs,1443474876,0.0005119317272931717,0.9748372154345936
252,dy,1421751251,0.0005042273930825643,0.9753414428276762
253,hy,1412343465,0.000500890899862585,0.9758423337275387
254,ze,1402290616,0.0004973256335470059,0.9763396593610858
255,ks,1339590722,0.0004750889700828898,0.9768147483311687
256,xt,1315669490,0.0004666052494304905,0.9772813535805991
257,bs,1292319275,0.00045832404128730357,0.9777396776218864
258,ik,1209994695,0.0004291274372183285,0.9781688050591048
259,dd,1205446875,0.00042751454226135495,0.9785963196013661
260,cy,1176324279,0.0004171861457499762,0.9790135057471161
261,rp,1173542093,0.00041619943700407986,0.9794297051841202
262,sk,1112771273,0.0003946469241277682,0.9798243521082479
263,xi,1111463633,0.00039418316655567056,0.9802185352748036
264,oe,1089254517,0.00038630665183098036,0.9806048419266346
265,oy,1020190223,0.00036181283908123666,0.9809666547657159
266,ws,989253674,0.00035084111991287353,0.9813174958856287
267,lv,984229060,0.0003490591288531265,0.9816665550144819
268,dl,911886482,0.00032340266504614503,0.981989957679528
269,rf,909634941,0.000322604150785616,0.9823125618303136
270,eu,878402090,0.00031152734742272863,0.9826240891777364
271,dg,874188188,0.0003100328772623043,0.9829341220549986
272,wr,867361010,0.00030761160268095306,0.9832417336576795
273,xa,834649781,0.00029601048911654044,0.9835377441467961
274,yi,812619095,0.00028819725500699606,0.9838259414018031
275,nm,782441941,0.00027749485704436466,0.9841034362588474
276,eb,763383542,0.0002707357514431997,0.9843741720102906
277,rb,753194669,0.00026712224389915793,0.9846412942541898
278,tm,746621025,0.0002647908857415045,0.9849060851399314
279,xc,746076293,0.000264597695268772,0.9851706828352002
280,eh,742240059,0.00026323716594431096,0.9854339200011444
281,tc,736955048,0.00026136282448192903,0.9856952828256264
282,gy,731420025,0.0002593998156813537,0.9859546826413077
283,ja,729206855,0.00025861490978535843,0.9862132975510931
284,hn,726288117,0.0002575797725545694,0.9864708773236476
285,yp,702499946,0.0002491432422957806,0.9867200205659434
286,za,702199296,0.00024903661607292787,0.9869690571820163
287,gg,697999944,0.00024754730610389725,0.9872166044881202
288,ym,667551857,0.00023674882112168774,0.9874533533092419
289,sw,663415953,0.00023528201313365683,0.9876886353223756
290,bj,654853039,0.00023224515573657463,0.9879208804781121
291,lm,649112313,0.00023020919388787198,0.988151089672
292,cs,643530723,0.00022822966999227055,0.9883793193419923
293,ii,642384029,0.00022782299229399052,0.9886071423342863
294,ix,621227893,0.0002203199193791771,0.9888274622536655
295,xe,614533122,0.00021794560324881292,0.9890454078569143
296,oh,602121281,0.00021354371492525182,0.9892589515718395
297,lk,555883002,0.00019714520156759115,0.9894560967734071
298,dv,537221821,0.00019052697025543044,0.9896466237436625
299,lp,536595562,0.00019030486604223394,0.9898369286097047
300,ax,531206960,0.0001883937857903907,0.9900253223954951
301,ox,523764012,0.0001857541269441267,0.9902110765224393
302,uf,522547858,0.00018532281509504224,0.9903963993375343
303,dm,512522701,0.00018176736981177067,0.9905781667073461
304,iu,490874936,0.0001740899395268762,0.9907522566468729
305,sf,483979931,0.00017164460994197454,0.990923901256815
306,bt,482272940,0.00017103922160745399,0.9910949404784224
307,ka,478095427,0.0001695576568906465,0.991264498135313
308,yt,470429861,0.00016683904605210232,0.9914313371813651
309,ek,464449289,0.00016471802226078754,0.9915960552036259
310,pm,449910017,0.0001595616355773069,0.9917556168392032
311,ya,444542870,0.00015765816439119228,0.9919132750035945
312,gt,434302509,0.0001540263965080112,0.9920673014001025
313,wl,429185823,0.00015221175189898594,0.9922195131520014
314,rh,426095630,0.00015111580775304897,0.9923706289597545
315,yl,416082307,0.00014756455942544424,0.9925181935191799
316,hs,414044112,0.00014684170882079659,0.9926650352280008
317,ah,384694919,0.0001364329491555188,0.9928014681771563
318,yc,380670476,0.00013500567107078203,0.992936473848227
319,yn,372595315,0.00013214179641135189,0.9930686156446384
320,rw,359714599,0.00012757362047681434,0.9931961892651152
321,hm,359316447,0.0001274324149425344,0.9933236216800577
322,lw,356374125,0.0001263889135912073,0.9934500105936489
323,hl,355049620,0.00012591917480757334,0.9935759297684565
324,ae,349540062,0.00012396519722856773,0.9936998949656851
325,zi,341671190,0.00012117448344352996,0.9938210694491286
326,az,334669428,0.00011869129223989193,0.9939397607413685
327,lc,333338045,0.00011821911415753592,0.994057979855526
328,py,331698156,0.00011763752370362693,0.9941756173792297
329,aj,331384552,0.00011752630331449835,0.9942931436825442
330,iq,318727904,0.00011303759361811866,0.9944061812761623
331,nj,312598990,0.00011086395999094682,0.9945170452361533
332,bb,308276690,0.00010933104622731352,0.9946263762823806
333,nh,306883963,0.00010883711235245899,0.994735213394733
334,uo,300484143,0.00010656740128132193,0.9948417807960144
335,kl,298033281,0.0001056981973638322,0.9949474789933782
336,lr,283411884,0.00010051268485779453,0.995047991678236
337,tn,282266629,0.0001001065175042166,0.9951480981957401
338,gm,277966576,9.858149369095683e-05,0.9952466796894311
339,sn,258702825,9.174955952463224e-05,0.9953384292489558
340,nr,258048421,9.151747362162302e-05,0.9954299467225773
341,fy,256535008,9.098073817573506e-05,0.9955209274607532
342,mn,247850339,8.790070008427924e-05,0.9956088281608374
343,dw,230152384,8.162407911681682e-05,0.9956904522399542
344,sb,223212317,7.916276818864494e-05,0.9957696150081429
345,yr,219696469,7.791586450541088e-05,0.9958475308726483
346,dn,213431654,7.569403327201283e-05,0.9959232249059203
347,sq,209894196,7.443946555193908e-05,0.9959976643714722
348,zo,202480511,7.181018489679211e-05,0.9960694745563691
349,oj,196696657,6.97589276024244e-05,0.9961392334839715
350,yd,192245315,6.818024879289267e-05,0.9962074137327643
351,lb,188643782,6.690295672480866e-05,0.9962743166894892
352,wt,184446342,6.541432485103197e-05,0.9963397310143401
353,lg,171657388,6.087869252355049e-05,0.9964006097068637
354,ko,171324962,6.0760796868276776e-05,0.996461370503732
355,np,170186564,6.035706136572198e-05,0.9965217275650977
356,sr,168896339,5.989948006394196e-05,0.9965816270451616
357,nq,167770304,5.9500129128136294e-05,0.9966411271742898
358,ky,167761726,5.949708692045417e-05,0.9967006242612103
359,ln,165509578,5.8698357385961136e-05,0.9967593226185962
360,nw,163456000,5.797005116452936e-05,0.9968172926697607
361,tf,159626603,5.661194659804483e-05,0.9968739046163588
362,fs,155349948,5.509522093998982e-05,0.9969289998372988
363,cq,154363546,5.4745391172903915e-05,0.9969837452284717
364,dh,153344431,5.438395966416432e-05,0.9970381291881358
365,sd,148275222,5.258615288378493e-05,0.9970907153410197
366,vy,138085211,4.897224174539224e-05,0.997139687582765
367,dj,134832736,4.781874391012554e-05,0.9971875063266752
368,hw,134615178,4.774158645863246e-05,0.9972352479131338
369,xu,134528161,4.771072567687967e-05,0.9972829586388107
370,ao,130442323,4.62616737123756e-05,0.997329220312523
371,ml,129888836,4.60653782584987e-05,0.9973752856907815
372,uk,129819900,4.6040929945514914e-05,0.997421326620727
373,uy,128782521,4.567302106663002e-05,0.9974669996417936
374,ej,128194584,4.546450784000317e-05,0.9975124641496337
375,ez,127540198,4.523242832073589e-05,0.9975576965779545
376,hb,123778334,4.389827449001692e-05,0.9976015948524445
377,nz,123192934,4.36906610163499e-05,0.9976452855134608
378,nb,122258836,4.335938098470417e-05,0.9976886448944455
379,mc,121591374,4.312266403157685e-05,0.997731767558477
380,yb,121220723,4.2991211791009456e-05,0.9977747587702681
381,tp,121089391,4.294463459127656e-05,0.9978177034048593
382,xh,117618666,4.17137338851048e-05,0.9978594171387445
383,ux,110947766,3.934788366049721e-05,0.9978987650224049
384,tz,108527540,3.8489544871772874e-05,0.9979372545672768
385,bv,108385069,3.843901719974211e-05,0.9979756935844765
386,mf,107664447,3.818344692878059e-05,0.9980138770314052
387,wd,99767462,3.538276280280467e-05,0.9980492597942081
388,oz,97904996,3.472223489736102e-05,0.9980839820291054
389,yw,95070267,3.371689165411773e-05,0.9981176989207595
390,kh,89811517,3.18518637165598e-05,0.9981495507844761
391,gd,89087728,3.159517026167088e-05,0.9981811459547377
392,bm,88228719,3.1290520718792114e-05,0.9982124364754565
393,mr,87580303,3.106055847393173e-05,0.9982434970339304
394,ku,85313841,3.0256752445994783e-05,0.9982737537863765
395,uv,82252351,2.9170987885870377e-05,0.9983029247742624
396,dt,81648332,2.895677114048111e-05,0.9983318815454029
397,hd,80544316,2.8565229294317865e-05,0.9983604467746972
398,aa,79794787,2.8299407088468595e-05,0.9983887461817856
399,xx,79068246,2.8041737630368995e-05,0.998416787919416
400,df,78347492,2.778612054529999e-05,0.9984445740399613
401,db,78190243,2.773035182114443e-05,0.9984723043917825
402,ji,77899882,2.7627374616109534e-05,0.9984999317663985
403,kr,76743394,2.7217223452914765e-05,0.9985271489898515
404,xo,76097183,2.6988043216440842e-05,0.998554137033068
405,cm,75144874,2.665030461122328e-05,0.9985807873376791
406,zz,75012595,2.6603391555734385e-05,0.9986073907292349
407,nx,73899576,2.6208656774648996e-05,0.9986335993860095
408,yg,73102462,2.5925958437702277e-05,0.9986595253444472
409,xy,72645837,2.5764015317761724e-05,0.998685289359765
410,kg,72267691,2.5629904957985015e-05,0.998710919264723
411,tb,71746167,2.544494525651471e-05,0.9987363642099795
412,dc,71030077,2.5190982269910315e-05,0.9987615551922494
413,bd,69761165,2.474095967322812e-05,0.9987862961519226
414,sg,69588685,2.4679789239442523e-05,0.9988109759411621
415,wy,68368953,2.4247208444323264e-05,0.9988352231496064
416,zy,66473188,2.3574870970960865e-05,0.9988587980205773
417,aq,63283982,2.2443811633926902e-05,0.9988812418322113
418,hf,63249924,2.2431732884890087e-05,0.9989036735650961
419,cd,62905910,2.230972751842257e-05,0.9989259832926146
420,vu,62384927,2.2124959683862503e-05,0.9989481082522984
421,kw,61416538,2.1781518269187193e-05,0.9989698897705677
422,zu,60692846,2.152485921557423e-05,0.9989914146297832
423,bn,59062122,2.094651915026475e-05,0.9990123611489334
424,ih,58966344,2.0912551259453547e-05,0.9990332737001929
425,tg,55522877,1.969131766647826e-05,0.9990529650178595
426,xv,55076715,1.9533085273860866e-05,0.9990724981031333
427,uz,53873803,1.9106469730923158e-05,0.9990916045728642
428,bc,53278096,1.8895200855696378e-05,0.9991104997737199
429,xf,52374239,1.8574645865145906e-05,0.999129074419585
430,yz,51097953,1.8122008062186258e-05,0.9991471964276473
431,km,50449220,1.789193339253743e-05,0.9991650883610398
432,dp,48855638,1.7326765824048826e-05,0.9991824151268638
433,lh,45643026,1.6187405494591476e-05,0.9991986025323584
434,wf,45330551,1.6076585507942857e-05,0.9992146791178663
435,kf,44759608,1.5874099243002875e-05,0.9992305532171093
436,pf,41022263,1.4548641132749975e-05,0.9992451018582421
437,cf,39704311,1.4081226385830964e-05,0.9992591830846279
438,mt,38538709,1.3667842921305478e-05,0.9992728509275492
439,yu,37436235,1.3276847949034266e-05,0.9992861277754983
440,cp,37067423,1.3146047914100753e-05,0.9992992738234123
441,pb,36901495,1.3087201162377793e-05,0.9993123610245748
442,td,36539510,1.2958822338897517e-05,0.9993253198469136
443,zl,35456851,1.2574854802534591e-05,0.9993378947017162
444,sv,35005005,1.2414606566076536e-05,0.9993503093082823
445,hc,34631551,1.228216023502966e-05,0.9993625914685172
446,mg,34537023,1.2248635659630283e-05,0.9993748401041769
447,pw,34037460,1.2071464477967291e-05,0.9993869115686549
448,gf,33962536,1.2044892506834687e-05,0.9993989564611617
449,pd,33798376,1.1986672780430216e-05,0.9994109431339422
450,pn,33536129,1.1893666270985813e-05,0.9994228368002132
451,pc,33156666,1.17590888340912e-05,0.9994345958890473
452,rx,32990613,1.1700197750827059e-05,0.999446296086798
453,tv,32805751,1.1634636011898067e-05,0.99945793072281
454,ij,31324465,1.1109294481398722e-05,0.9994690400172913
455,wm,30732232,1.0899257668364493e-05,0.9994799392749597
456,uh,30097154,1.067402577627447e-05,0.999490613300736
457,wk,30095733,1.0673521815314304e-05,0.9995012868225512
458,wb,29929113,1.0614429644179357e-05,0.9995119012521955
459,bh,29797934,1.056790670625287e-05,0.9995224691589017
460,oq,29227658,1.0365656994416639e-05,0.9995328348158962
461,kt,29132180,1.0331795499304272e-05,0.9995431666113954
462,rq,28152573,9.984375594797058e-06,0.9995531509869903
463,kb,25406204,9.010369431385025e-06,0.9995621613564216
464,cg,24975673,8.85768060932945e-06,0.9995710190370309
465,vr,24701238,8.760351597293566e-06,0.9995797793886283
466,cn,24249641,8.600191669265546e-06,0.9995883795802976
467,pk,23099462,8.192278007617351e-06,0.9995965718583051
468,uu,22006895,7.804796575974118e-06,0.9996043766548811
469,yf,21246637,7.5351693052820495e-06,0.9996119118241864
470,wp,20982546,7.441508816942119e-06,0.9996193533330033
471,cz,20601701,7.30644125052819e-06,0.9996266597742539
472,kp,20492678,7.267775989613261e-06,0.9996339275502435
473,dq,19927900,7.067476156284412e-06,0.9996409950263998
474,wu,19601657,6.951773316363763e-06,0.9996479467997161
475,fm,19340776,6.8592512620014045e-06,0.9996548060509781
476,wc,19008254,6.741321560104064e-06,0.9996615473725382
477,md,18929019,6.713220682779148e-06,0.999668260593221
478,kd,18894758,6.701069939319453e-06,0.9996749616631603
479,zh,18782710,6.661331855107903e-06,0.9996816229950154
480,gw,18260884,6.476265048634101e-06,0.9996880992600641
481,rz,17993128,6.381304759506693e-06,0.9996944805648236
482,cb,17751935,6.295765100206781e-06,0.9997007763299238
483,iw,17611969,6.246125832261312e-06,0.999707022455756
484,xl,16728256,5.932714958235521e-06,0.9997129551707142
485,hp,16696129,5.921321042846898e-06,0.9997188764917572
486,mw,16465357,5.839477215472309e-06,0.9997247159689726
487,vs,16263248,5.767798787817088e-06,0.9997304837677604
488,fc,16254390,5.764657277482714e-06,0.9997362484250379
489,rj,15598009,5.531870226818162e-06,0.9997417802952647
490,bp,15427250,5.471310149691573e-06,0.9997472516054144
491,mh,15033898,5.331806946593063e-06,0.999752583412361
492,hh,14730425,5.224179540214263e-06,0.9997578075919012
493,yh,14682887,5.2073200777763014e-06,0.9997630149119789
494,uj,14548024,5.159490600668077e-06,0.9997681744025797
495,fg,14424524,5.115691037979528e-06,0.9997732900936176
496,fd,13966832,4.953369504003438e-06,0.9997782434631216
497,gb,13944852,4.945574245801865e-06,0.9997831890373674
498,pg,13354952,4.736364836652272e-06,0.9997879254022041
499,tk,13081991,4.639558582150014e-06,0.9997925649607863
500,kk,12782664,4.533401564329163e-06,0.9997970983623505
